"Cod_aero";"Aero";"Cod_parque";"minTime";"maxTime";"tiempo_s";"len";"tecnico";"filepath"
"0532";"11W-01";"PGAM";"2013-09-25 10:26:34";"2013-09-25 10:33:48";434;374,944147190406;"pyp";"C:\GitHub\AdantiaTools\02_GPXTool\gpx/1/20130925_26_pyp.gpx"
"0534";"11W-03";"PGAM";"2013-09-25 10:36:06";"2013-09-25 10:42:53";407;396,726210474303;"pyp";"C:\GitHub\AdantiaTools\02_GPXTool\gpx/1/20130925_26_pyp.gpx"
"0536";"11W-05";"PGAM";"2013-09-25 10:49:12";"2013-09-25 10:54:29";317;320,273157647438;"pyp";"C:\GitHub\AdantiaTools\02_GPXTool\gpx/1/20130925_26_pyp.gpx"
"0539";"11W-08";"PGAM";"2013-09-25 10:56:52";"2013-09-25 11:02:54";362;440,703865620542;"pyp";"C:\GitHub\AdantiaTools\02_GPXTool\gpx/1/20130925_26_pyp.gpx"
"0540";"11W-09";"PGAM";"2013-09-25 11:06:05";"2013-09-25 11:11:53";348;405,464533064201;"pyp";"C:\GitHub\AdantiaTools\02_GPXTool\gpx/1/20130925_26_pyp.gpx"
"0541";"11W-10";"PGAM";"2013-09-25 11:12:45";"2013-09-25 11:18:31";346;389,27028902359;"pyp";"C:\GitHub\AdantiaTools\02_GPXTool\gpx/1/20130925_26_pyp.gpx"
"0548";"11W-17";"PGAM";"2013-09-25 11:34:41";"2013-09-25 11:41:16";395;466,149223030902;"pyp";"C:\GitHub\AdantiaTools\02_GPXTool\gpx/1/20130925_26_pyp.gpx"
"0549";"11W-18";"PGAM";"2013-09-25 11:43:04";"2013-09-25 11:49:15";371;476,873177559174;"pyp";"C:\GitHub\AdantiaTools\02_GPXTool\gpx/1/20130925_26_pyp.gpx"
"0551";"11W-20";"PGAM";"2013-09-25 11:51:01";"2013-09-25 11:56:41";340;392,685786420278;"pyp";"C:\GitHub\AdantiaTools\02_GPXTool\gpx/1/20130925_26_pyp.gpx"
"0552";"11W-21";"PGAM";"2013-09-25 12:13:16";"2013-09-25 12:18:50";334;427,448271485412;"pyp";"C:\GitHub\AdantiaTools\02_GPXTool\gpx/1/20130925_26_pyp.gpx"
"0553";"11W-22";"PGAM";"2013-09-25 12:19:50";"2013-09-25 12:25:27";337;406,450576859382;"pyp";"C:\GitHub\AdantiaTools\02_GPXTool\gpx/1/20130925_26_pyp.gpx"
"0554";"11W-23";"PGAM";"2013-09-25 12:27:36";"2013-09-25 12:31:49";253;287,523821063097;"pyp";"C:\GitHub\AdantiaTools\02_GPXTool\gpx/1/20130925_26_pyp.gpx"
"0557";"3W-01";"PVIC";"2013-09-26 13:14:39";"2013-09-26 13:16:40";121;129,05249169208;"pyp";"C:\GitHub\AdantiaTools\02_GPXTool\gpx/1/20130925_26_pyp.gpx"
"0558";"3W-02";"PVIC";"2013-09-26 13:11:35";"2013-09-26 13:13:46";131;133,881247242693;"pyp";"C:\GitHub\AdantiaTools\02_GPXTool\gpx/1/20130925_26_pyp.gpx"
"0560";"3W-04";"PVIC";"2013-09-26 13:08:00";"2013-09-26 13:10:37";157;100,203678223666;"pyp";"C:\GitHub\AdantiaTools\02_GPXTool\gpx/1/20130925_26_pyp.gpx"
"0561";"3W-05";"PVIC";"2013-09-26 13:04:06";"2013-09-26 13:07:08";182;180,024414004424;"pyp";"C:\GitHub\AdantiaTools\02_GPXTool\gpx/1/20130925_26_pyp.gpx"
"0562";"3W-06";"PVIC";"2013-09-26 13:00:42";"2013-09-26 13:03:24";162;175,789143956332;"pyp";"C:\GitHub\AdantiaTools\02_GPXTool\gpx/1/20130925_26_pyp.gpx"
"0564";"3W-08";"PVIC";"2013-09-26 12:57:06";"2013-09-26 12:59:28";142;140,383683794922;"pyp";"C:\GitHub\AdantiaTools\02_GPXTool\gpx/1/20130925_26_pyp.gpx"
"0565";"3W-09";"PVIC";"2013-09-26 12:48:06";"2013-09-26 12:56:05";479;168,026401926021;"pyp";"C:\GitHub\AdantiaTools\02_GPXTool\gpx/1/20130925_26_pyp.gpx"
"0566";"3W-10";"PVIC";"2013-09-26 12:45:04";"2013-09-26 12:46:41";97;113,637704039178;"pyp";"C:\GitHub\AdantiaTools\02_GPXTool\gpx/1/20130925_26_pyp.gpx"
"0568";"3W-12";"PVIC";"2013-09-26 12:42:19";"2013-09-26 12:44:18";119;130,380044524053;"pyp";"C:\GitHub\AdantiaTools\02_GPXTool\gpx/1/20130925_26_pyp.gpx"
"0569";"3W-13";"PVIC";"2013-09-26 12:39:41";"2013-09-26 12:41:32";111;110,294111834668;"pyp";"C:\GitHub\AdantiaTools\02_GPXTool\gpx/1/20130925_26_pyp.gpx"
"0570";"3W-14";"PVIC";"2013-09-26 12:36:29";"2013-09-26 12:38:55";146;153,541895450099;"pyp";"C:\GitHub\AdantiaTools\02_GPXTool\gpx/1/20130925_26_pyp.gpx"
"0573";"3W-17";"PVIC";"2013-09-26 12:28:27";"2013-09-26 12:30:50";143;118,58874645474;"pyp";"C:\GitHub\AdantiaTools\02_GPXTool\gpx/1/20130925_26_pyp.gpx"
"0574";"3W-18";"PVIC";"2013-09-26 12:25:53";"2013-09-26 12:28:08";135;109,724750920246;"pyp";"C:\GitHub\AdantiaTools\02_GPXTool\gpx/1/20130925_26_pyp.gpx"
"0576";"3W-20";"PVIC";"2013-09-26 12:22:13";"2013-09-26 12:24:53";160;199,155327620453;"pyp";"C:\GitHub\AdantiaTools\02_GPXTool\gpx/1/20130925_26_pyp.gpx"
"0577";"3W-21";"PVIC";"2013-09-26 12:19:20";"2013-09-26 12:21:26";126;125,548864323952;"pyp";"C:\GitHub\AdantiaTools\02_GPXTool\gpx/1/20130925_26_pyp.gpx"
"0578";"3W-22";"PVIC";"2013-09-26 12:16:29";"2013-09-26 12:18:12";103;100,241626549282;"pyp";"C:\GitHub\AdantiaTools\02_GPXTool\gpx/1/20130925_26_pyp.gpx"
"0580";"3W-24";"PVIC";"2013-09-26 12:12:30";"2013-09-26 12:15:29";179;102,555290603414;"pyp";"C:\GitHub\AdantiaTools\02_GPXTool\gpx/1/20130925_26_pyp.gpx"
"0581";"3W-25";"PVIC";"2013-09-26 12:07:59";"2013-09-26 12:11:25";206;202,741526742122;"pyp";"C:\GitHub\AdantiaTools\02_GPXTool\gpx/1/20130925_26_pyp.gpx"
"0582";"3W-26";"PVIC";"2013-09-26 12:04:44";"2013-09-26 12:07:10";146;152,576577848464;"pyp";"C:\GitHub\AdantiaTools\02_GPXTool\gpx/1/20130925_26_pyp.gpx"
"0584";"3W-28";"PVIC";"2013-09-26 12:01:09";"2013-09-26 12:03:42";153;136,214701294789;"pyp";"C:\GitHub\AdantiaTools\02_GPXTool\gpx/1/20130925_26_pyp.gpx"
"0585";"3W-29";"PVIC";"2013-09-26 11:54:23";"2013-09-26 12:00:14";351;417,586512073946;"pyp";"C:\GitHub\AdantiaTools\02_GPXTool\gpx/1/20130925_26_pyp.gpx"
"0586";"3W-30";"PVIC";"2013-09-26 11:52:30";"2013-09-26 11:57:10";280;287,838636240942;"pyp";"C:\GitHub\AdantiaTools\02_GPXTool\gpx/1/20130925_26_pyp.gpx"
"0588";"3W-32";"PVIC";"2013-09-26 11:48:12";"2013-09-26 11:50:54";162;145,158159275007;"pyp";"C:\GitHub\AdantiaTools\02_GPXTool\gpx/1/20130925_26_pyp.gpx"
"0589";"3W-33";"PVIC";"2013-09-26 11:45:00";"2013-09-26 11:47:16";136;130,404947090532;"pyp";"C:\GitHub\AdantiaTools\02_GPXTool\gpx/1/20130925_26_pyp.gpx"
"0590";"3W-34";"PVIC";"2013-09-26 11:40:51";"2013-09-26 11:43:28";157;161,218187208786;"pyp";"C:\GitHub\AdantiaTools\02_GPXTool\gpx/1/20130925_26_pyp.gpx"
"0592";"3W-36";"PVIC";"2013-09-26 11:37:22";"2013-09-26 11:39:44";142;138,312498769957;"pyp";"C:\GitHub\AdantiaTools\02_GPXTool\gpx/1/20130925_26_pyp.gpx"
"0593";"3W-37";"PVIC";"2013-09-26 11:33:21";"2013-09-26 11:36:09";168;134,720176500033;"pyp";"C:\GitHub\AdantiaTools\02_GPXTool\gpx/1/20130925_26_pyp.gpx"
"0594";"3W-38";"PVIC";"2013-09-26 11:29:31";"2013-09-26 11:32:00";149;131,313135554033;"pyp";"C:\GitHub\AdantiaTools\02_GPXTool\gpx/1/20130925_26_pyp.gpx"
"0596";"3W-40";"PVIC";"2013-09-26 11:26:23";"2013-09-26 11:28:26";123;123,513099472686;"pyp";"C:\GitHub\AdantiaTools\02_GPXTool\gpx/1/20130925_26_pyp.gpx"
"0597";"3W-41";"PVIC";"2013-09-26 11:21:18";"2013-09-26 11:24:46";208;187,425698744555;"pyp";"C:\GitHub\AdantiaTools\02_GPXTool\gpx/1/20130925_26_pyp.gpx"
"0598";"12W-01";"PBUI";"2013-09-25 12:03:36";"2013-09-25 12:09:39";363;477,599110520006;"pyp";"C:\GitHub\AdantiaTools\02_GPXTool\gpx/1/20130925_26_pyp.gpx"
"0601";"12W-04";"PBUI";"2013-09-26 09:09:28";"2013-09-26 09:15:54";386;451,904763589331;"pyp";"C:\GitHub\AdantiaTools\02_GPXTool\gpx/1/20130925_26_pyp.gpx"
"0602";"12W-05";"PBUI";"2013-09-26 09:01:37";"2013-09-26 09:08:21";404;482,343112445354;"pyp";"C:\GitHub\AdantiaTools\02_GPXTool\gpx/1/20130925_26_pyp.gpx"
"0603";"12W-06";"PBUI";"2013-09-26 08:53:25";"2013-09-26 09:00:36";431;449,223354803504;"pyp";"C:\GitHub\AdantiaTools\02_GPXTool\gpx/1/20130925_26_pyp.gpx"
"0607";"12W-10";"PBUI";"2013-09-26 08:41:07";"2013-09-26 08:47:16";369;439,106148077381;"pyp";"C:\GitHub\AdantiaTools\02_GPXTool\gpx/1/20130925_26_pyp.gpx"
"0608";"12W-11";"PBUI";"2013-09-26 08:31:32";"2013-09-26 08:38:53";441;462,462294594261;"pyp";"C:\GitHub\AdantiaTools\02_GPXTool\gpx/1/20130925_26_pyp.gpx"
"0609";"12W-12";"PBUI";"2013-09-26 08:25:32";"2013-09-26 08:28:34";182;183,267133092941;"pyp";"C:\GitHub\AdantiaTools\02_GPXTool\gpx/1/20130925_26_pyp.gpx"
"0612";"12W-15";"PBUI";"2013-09-26 08:16:35";"2013-09-26 08:23:43";428;508,581695692511;"pyp";"C:\GitHub\AdantiaTools\02_GPXTool\gpx/1/20130925_26_pyp.gpx"
"0614";"12W-17";"PBUI";"2013-09-26 08:07:54";"2013-09-26 08:14:59";425;436,84118200284;"pyp";"C:\GitHub\AdantiaTools\02_GPXTool\gpx/1/20130925_26_pyp.gpx"
"0615";"12W-18";"PBUI";"2013-09-26 08:00:34";"2013-09-26 08:06:54";380;481,283307740953;"pyp";"C:\GitHub\AdantiaTools\02_GPXTool\gpx/1/20130925_26_pyp.gpx"
"0617";"12W-20";"PBUI";"2013-09-26 07:53:14";"2013-09-26 07:58:59";345;453,344782112277;"pyp";"C:\GitHub\AdantiaTools\02_GPXTool\gpx/1/20130925_26_pyp.gpx"
"0621";"12W-24";"PBUI";"2013-09-26 07:44:03";"2013-09-26 07:51:13";430;400,064583980089;"pyp";"C:\GitHub\AdantiaTools\02_GPXTool\gpx/1/20130925_26_pyp.gpx"
"0622";"12W-25";"PBUI";"2013-09-26 07:33:19";"2013-09-26 07:38:39";320;366,987436145851;"pyp";"C:\GitHub\AdantiaTools\02_GPXTool\gpx/1/20130925_26_pyp.gpx"
"0623";"12W-26";"PBUI";"2013-09-26 07:26:41";"2013-09-26 07:31:48";307;316,697149854773;"pyp";"C:\GitHub\AdantiaTools\02_GPXTool\gpx/1/20130925_26_pyp.gpx"
"0626";"12W-29";"PBUI";"2013-09-26 07:15:34";"2013-09-26 07:22:07";393;320,557494818573;"pyp";"C:\GitHub\AdantiaTools\02_GPXTool\gpx/1/20130925_26_pyp.gpx"
"0532";"11W-01";"PGAM";"2013-09-25 10:27:04";"2013-09-25 10:33:29";385;307,192397796625;"rcu";"C:\GitHub\AdantiaTools\02_GPXTool\gpx/1/20130925_26_rcu.gpx"
"0534";"11W-03";"PGAM";"2013-09-25 10:36:31";"2013-09-25 10:42:59";388;343,143368696838;"rcu";"C:\GitHub\AdantiaTools\02_GPXTool\gpx/1/20130925_26_rcu.gpx"
"0536";"11W-05";"PGAM";"2013-09-25 10:49:04";"2013-09-25 10:54:42";338;223,423175311058;"rcu";"C:\GitHub\AdantiaTools\02_GPXTool\gpx/1/20130925_26_rcu.gpx"
"0539";"11W-08";"PGAM";"2013-09-25 10:56:36";"2013-09-25 11:01:41";305;295,772440953137;"rcu";"C:\GitHub\AdantiaTools\02_GPXTool\gpx/1/20130925_26_rcu.gpx"
"0540";"11W-09";"PGAM";"2013-09-25 11:06:21";"2013-09-25 11:11:14";293;353,414466251547;"rcu";"C:\GitHub\AdantiaTools\02_GPXTool\gpx/1/20130925_26_rcu.gpx"
"0541";"11W-10";"PGAM";"2013-09-25 11:12:44";"2013-09-25 11:18:24";340;433,277942359659;"rcu";"C:\GitHub\AdantiaTools\02_GPXTool\gpx/1/20130925_26_rcu.gpx"
"0548";"11W-17";"PGAM";"2013-09-25 11:34:22";"2013-09-25 11:41:10";408;298,087082405079;"rcu";"C:\GitHub\AdantiaTools\02_GPXTool\gpx/1/20130925_26_rcu.gpx"
"0549";"11W-18";"PGAM";"2013-09-25 11:43:02";"2013-09-25 11:48:41";339;393,848630422683;"rcu";"C:\GitHub\AdantiaTools\02_GPXTool\gpx/1/20130925_26_rcu.gpx"
"0551";"11W-20";"PGAM";"2013-09-25 11:50:47";"2013-09-25 11:56:23";336;389,677728518826;"rcu";"C:\GitHub\AdantiaTools\02_GPXTool\gpx/1/20130925_26_rcu.gpx"
"0552";"11W-21";"PGAM";"2013-09-25 12:13:25";"2013-09-25 12:18:37";312;327,633054206744;"rcu";"C:\GitHub\AdantiaTools\02_GPXTool\gpx/1/20130925_26_rcu.gpx"
"0553";"11W-22";"PGAM";"2013-09-25 12:19:53";"2013-09-25 12:25:18";325;333,005208296233;"rcu";"C:\GitHub\AdantiaTools\02_GPXTool\gpx/1/20130925_26_rcu.gpx"
"0554";"11W-23";"PGAM";"2013-09-25 12:27:31";"2013-09-25 12:32:02";271;241,905636651133;"rcu";"C:\GitHub\AdantiaTools\02_GPXTool\gpx/1/20130925_26_rcu.gpx"
"0557";"3W-01";"PVIC";"2013-09-26 13:14:41";"2013-09-26 13:16:31";110;121,330136809448;"rcu";"C:\GitHub\AdantiaTools\02_GPXTool\gpx/1/20130925_26_rcu.gpx"
"0558";"3W-02";"PVIC";"2013-09-26 13:11:33";"2013-09-26 13:13:53";140;104,700319536167;"rcu";"C:\GitHub\AdantiaTools\02_GPXTool\gpx/1/20130925_26_rcu.gpx"
"0560";"3W-04";"PVIC";"2013-09-26 13:08:29";"2013-09-26 13:10:42";133;77,2445878270865;"rcu";"C:\GitHub\AdantiaTools\02_GPXTool\gpx/1/20130925_26_rcu.gpx"
"0561";"3W-05";"PVIC";"2013-09-26 13:04:08";"2013-09-26 13:07:15";187;127,174479608848;"rcu";"C:\GitHub\AdantiaTools\02_GPXTool\gpx/1/20130925_26_rcu.gpx"
"0562";"3W-06";"PVIC";"2013-09-26 13:00:48";"2013-09-26 13:02:45";117;120,362807894198;"rcu";"C:\GitHub\AdantiaTools\02_GPXTool\gpx/1/20130925_26_rcu.gpx"
"0564";"3W-08";"PVIC";"2013-09-26 12:57:20";"2013-09-26 12:59:34";134;126,298956082948;"rcu";"C:\GitHub\AdantiaTools\02_GPXTool\gpx/1/20130925_26_rcu.gpx"
"0565";"3W-09";"PVIC";"2013-09-26 12:47:57";"2013-09-26 12:56:02";485;138,412694394256;"rcu";"C:\GitHub\AdantiaTools\02_GPXTool\gpx/1/20130925_26_rcu.gpx"
"0566";"3W-10";"PVIC";"2013-09-26 12:45:25";"2013-09-26 12:47:11";106;127,899702480814;"rcu";"C:\GitHub\AdantiaTools\02_GPXTool\gpx/1/20130925_26_rcu.gpx"
"0568";"3W-12";"PVIC";"2013-09-26 12:42:16";"2013-09-26 12:44:12";116;118,625439374894;"rcu";"C:\GitHub\AdantiaTools\02_GPXTool\gpx/1/20130925_26_rcu.gpx"
"0569";"3W-13";"PVIC";"2013-09-26 12:39:52";"2013-09-26 12:41:57";125;127,659042050988;"rcu";"C:\GitHub\AdantiaTools\02_GPXTool\gpx/1/20130925_26_rcu.gpx"
"0570";"3W-14";"PVIC";"2013-09-26 12:36:46";"2013-09-26 12:39:00";134;145,596543849283;"rcu";"C:\GitHub\AdantiaTools\02_GPXTool\gpx/1/20130925_26_rcu.gpx"
"0572";"3W-16";"PVIC";"2013-09-26 12:31:51";"2013-09-26 12:35:12";201;216,046165320463;"rcu";"C:\GitHub\AdantiaTools\02_GPXTool\gpx/1/20130925_26_rcu.gpx"
"0573";"3W-17";"PVIC";"2013-09-26 12:29:01";"2013-09-26 12:33:56";295;342,363246538879;"rcu";"C:\GitHub\AdantiaTools\02_GPXTool\gpx/1/20130925_26_rcu.gpx"
"0574";"3W-18";"PVIC";"2013-09-26 12:25:52";"2013-09-26 12:29:57";245;256,368539728656;"rcu";"C:\GitHub\AdantiaTools\02_GPXTool\gpx/1/20130925_26_rcu.gpx"
"0576";"3W-20";"PVIC";"2013-09-26 12:22:40";"2013-09-26 12:24:52";132;118,602050492449;"rcu";"C:\GitHub\AdantiaTools\02_GPXTool\gpx/1/20130925_26_rcu.gpx"
"0577";"3W-21";"PVIC";"2013-09-26 12:19:25";"2013-09-26 12:21:29";124;116,165262473912;"rcu";"C:\GitHub\AdantiaTools\02_GPXTool\gpx/1/20130925_26_rcu.gpx"
"0578";"3W-22";"PVIC";"2013-09-26 12:16:19";"2013-09-26 12:18:14";115;115,78976525374;"rcu";"C:\GitHub\AdantiaTools\02_GPXTool\gpx/1/20130925_26_rcu.gpx"
"0580";"3W-24";"PVIC";"2013-09-26 12:12:35";"2013-09-26 12:15:25";170;156,599122390109;"rcu";"C:\GitHub\AdantiaTools\02_GPXTool\gpx/1/20130925_26_rcu.gpx"
"0581";"3W-25";"PVIC";"2013-09-26 12:08:08";"2013-09-26 12:11:19";191;119,106060401744;"rcu";"C:\GitHub\AdantiaTools\02_GPXTool\gpx/1/20130925_26_rcu.gpx"
"0582";"3W-26";"PVIC";"2013-09-26 12:04:47";"2013-09-26 12:07:04";137;143,304743430206;"rcu";"C:\GitHub\AdantiaTools\02_GPXTool\gpx/1/20130925_26_rcu.gpx"
"0584";"3W-28";"PVIC";"2013-09-26 12:01:02";"2013-09-26 12:03:36";154;161,947204285663;"rcu";"C:\GitHub\AdantiaTools\02_GPXTool\gpx/1/20130925_26_rcu.gpx"
"0585";"3W-29";"PVIC";"2013-09-26 11:57:41";"2013-09-26 12:00:05";144;143,521362223717;"rcu";"C:\GitHub\AdantiaTools\02_GPXTool\gpx/1/20130925_26_rcu.gpx"
"0586";"3W-30";"PVIC";"2013-09-26 11:52:29";"2013-09-26 11:57:23";294;194,713312990315;"rcu";"C:\GitHub\AdantiaTools\02_GPXTool\gpx/1/20130925_26_rcu.gpx"
"0588";"3W-32";"PVIC";"2013-09-26 11:48:07";"2013-09-26 11:50:43";156;128,717751903255;"rcu";"C:\GitHub\AdantiaTools\02_GPXTool\gpx/1/20130925_26_rcu.gpx"
"0589";"3W-33";"PVIC";"2013-09-26 11:44:53";"2013-09-26 11:47:09";136;138,526904587867;"rcu";"C:\GitHub\AdantiaTools\02_GPXTool\gpx/1/20130925_26_rcu.gpx"
"0590";"3W-34";"PVIC";"2013-09-26 11:41:03";"2013-09-26 11:44:30";207;187,408866753859;"rcu";"C:\GitHub\AdantiaTools\02_GPXTool\gpx/1/20130925_26_rcu.gpx"
"0592";"3W-36";"PVIC";"2013-09-26 11:37:09";"2013-09-26 11:39:32";143;161,901069388933;"rcu";"C:\GitHub\AdantiaTools\02_GPXTool\gpx/1/20130925_26_rcu.gpx"
"0593";"3W-37";"PVIC";"2013-09-26 11:32:44";"2013-09-26 11:36:13";209;147,678814178175;"rcu";"C:\GitHub\AdantiaTools\02_GPXTool\gpx/1/20130925_26_rcu.gpx"
"0594";"3W-38";"PVIC";"2013-09-26 11:29:25";"2013-09-26 11:32:29";184;122,294760043681;"rcu";"C:\GitHub\AdantiaTools\02_GPXTool\gpx/1/20130925_26_rcu.gpx"
"0596";"3W-40";"PVIC";"2013-09-26 11:26:01";"2013-09-26 11:28:25";144;71,1946805990597;"rcu";"C:\GitHub\AdantiaTools\02_GPXTool\gpx/1/20130925_26_rcu.gpx"
"0597";"3W-41";"PVIC";"2013-09-26 11:21:32";"2013-09-26 11:25:00";208;155,860906829319;"rcu";"C:\GitHub\AdantiaTools\02_GPXTool\gpx/1/20130925_26_rcu.gpx"
"0598";"12W-01";"PBUI";"2013-09-25 12:03:28";"2013-09-25 12:08:58";330;264,07280616839;"rcu";"C:\GitHub\AdantiaTools\02_GPXTool\gpx/1/20130925_26_rcu.gpx"
"0601";"12W-04";"PBUI";"2013-09-26 09:09:32";"2013-09-26 09:15:13";341;373,586805353038;"rcu";"C:\GitHub\AdantiaTools\02_GPXTool\gpx/1/20130925_26_rcu.gpx"
"0602";"12W-05";"PBUI";"2013-09-26 09:01:57";"2013-09-26 09:08:07";370;425,681300608483;"rcu";"C:\GitHub\AdantiaTools\02_GPXTool\gpx/1/20130925_26_rcu.gpx"
"0603";"12W-06";"PBUI";"2013-09-26 08:53:37";"2013-09-26 08:59:26";349;480,487759311237;"rcu";"C:\GitHub\AdantiaTools\02_GPXTool\gpx/1/20130925_26_rcu.gpx"
"0607";"12W-10";"PBUI";"2013-09-26 08:41:05";"2013-09-26 08:47:00";355;337,279606157545;"rcu";"C:\GitHub\AdantiaTools\02_GPXTool\gpx/1/20130925_26_rcu.gpx"
"0608";"12W-11";"PBUI";"2013-09-26 08:31:03";"2013-09-26 08:37:53";410;383,081108810906;"rcu";"C:\GitHub\AdantiaTools\02_GPXTool\gpx/1/20130925_26_rcu.gpx"
"0609";"12W-12";"PBUI";"2013-09-26 08:25:29";"2013-09-26 08:29:27";238;206,876662193352;"rcu";"C:\GitHub\AdantiaTools\02_GPXTool\gpx/1/20130925_26_rcu.gpx"
"0612";"12W-15";"PBUI";"2013-09-26 08:16:36";"2013-09-26 08:22:37";361;358,99545076572;"rcu";"C:\GitHub\AdantiaTools\02_GPXTool\gpx/1/20130925_26_rcu.gpx"
"0614";"12W-17";"PBUI";"2013-09-26 08:07:56";"2013-09-26 08:14:13";377;473,379701478191;"rcu";"C:\GitHub\AdantiaTools\02_GPXTool\gpx/1/20130925_26_rcu.gpx"
"0615";"12W-18";"PBUI";"2013-09-26 08:00:20";"2013-09-26 08:06:25";365;423,971720216687;"rcu";"C:\GitHub\AdantiaTools\02_GPXTool\gpx/1/20130925_26_rcu.gpx"
"0617";"12W-20";"PBUI";"2013-09-26 07:53:09";"2013-09-26 07:58:58";349;389,743434639462;"rcu";"C:\GitHub\AdantiaTools\02_GPXTool\gpx/1/20130925_26_rcu.gpx"
"0621";"12W-24";"PBUI";"2013-09-26 07:44:17";"2013-09-26 07:49:48";331;337,841575008498;"rcu";"C:\GitHub\AdantiaTools\02_GPXTool\gpx/1/20130925_26_rcu.gpx"
"0622";"12W-25";"PBUI";"2013-09-26 07:33:16";"2013-09-26 07:38:10";294;328,586091654348;"rcu";"C:\GitHub\AdantiaTools\02_GPXTool\gpx/1/20130925_26_rcu.gpx"
"0623";"12W-26";"PBUI";"2013-09-26 07:26:30";"2013-09-26 07:31:21";291;252,516217449998;"rcu";"C:\GitHub\AdantiaTools\02_GPXTool\gpx/1/20130925_26_rcu.gpx"
"0626";"12W-29";"PBUI";"2013-09-26 07:15:34";"2013-09-26 07:22:38";424;328,196934385961;"rcu";"C:\GitHub\AdantiaTools\02_GPXTool\gpx/1/20130925_26_rcu.gpx"
"0520";"13W-05";"PRIO";"2015-09-02 08:29:57";"2015-09-02 08:32:58";181;124,063949462889;"cac";"C:\GitHub\AdantiaTools\02_GPXTool\gpx/2/20150902_03_cac.gpx"
"0601";"12W-04";"PBUI";"2015-09-03 07:26:00";"2015-09-03 07:34:39";519;873,491926824446;"cac";"C:\GitHub\AdantiaTools\02_GPXTool\gpx/2/20150902_03_cac.gpx"
"0602";"12W-05";"PBUI";"2015-09-03 07:26:15";"2015-09-03 07:33:52";457;623,207015330547;"cac";"C:\GitHub\AdantiaTools\02_GPXTool\gpx/2/20150902_03_cac.gpx"
"0603";"12W-06";"PBUI";"2015-09-03 07:26:32";"2015-09-03 07:31:07";275;311,173424539736;"cac";"C:\GitHub\AdantiaTools\02_GPXTool\gpx/2/20150902_03_cac.gpx"
"0621";"12W-24";"PBUI";"2015-09-03 06:58:30";"2015-09-03 07:03:22";292;151,506237680493;"cac";"C:\GitHub\AdantiaTools\02_GPXTool\gpx/2/20150902_03_cac.gpx"
"0622";"12W-25";"PBUI";"2015-09-03 06:47:36";"2015-09-03 06:53:57";381;346,422221882634;"cac";"C:\GitHub\AdantiaTools\02_GPXTool\gpx/2/20150902_03_cac.gpx"
"0627";"12W-30";"PBUI";"2015-09-03 06:40:23";"2015-09-03 06:44:25";242;177,629454339505;"cac";"C:\GitHub\AdantiaTools\02_GPXTool\gpx/2/20150902_03_cac.gpx"
"0628";"12W-31";"PBUI";"2015-09-03 06:32:03";"2015-09-03 06:37:31";328;137,731621674105;"cac";"C:\GitHub\AdantiaTools\02_GPXTool\gpx/2/20150902_03_cac.gpx"
"0520";"13W-05";"PRIO";"2015-09-02 08:29:21";"2015-09-02 08:32:59";218;133,587466993736;"rcu";"C:\GitHub\AdantiaTools\02_GPXTool\gpx/2/20150902_03_rcu.gpx"
"0601";"12W-04";"PBUI";"2015-09-03 07:26:00";"2015-09-03 07:34:37";517;857,835103143903;"rcu";"C:\GitHub\AdantiaTools\02_GPXTool\gpx/2/20150902_03_rcu.gpx"
"0602";"12W-05";"PBUI";"2015-09-03 07:26:13";"2015-09-03 07:33:55";462;632,491957679527;"rcu";"C:\GitHub\AdantiaTools\02_GPXTool\gpx/2/20150902_03_rcu.gpx"
"0603";"12W-06";"PBUI";"2015-09-03 07:26:34";"2015-09-03 07:31:09";275;283,793081091179;"rcu";"C:\GitHub\AdantiaTools\02_GPXTool\gpx/2/20150902_03_rcu.gpx"
"0621";"12W-24";"PBUI";"2015-09-03 06:58:26";"2015-09-03 07:02:57";271;257,315420911771;"rcu";"C:\GitHub\AdantiaTools\02_GPXTool\gpx/2/20150902_03_rcu.gpx"
"0622";"12W-25";"PBUI";"2015-09-03 06:47:40";"2015-09-03 06:53:49";369;372,30789889969;"rcu";"C:\GitHub\AdantiaTools\02_GPXTool\gpx/2/20150902_03_rcu.gpx"
"0627";"12W-30";"PBUI";"2015-09-03 06:40:38";"2015-09-03 06:44:17";219;228,014729157522;"rcu";"C:\GitHub\AdantiaTools\02_GPXTool\gpx/2/20150902_03_rcu.gpx"
"0628";"12W-31";"PBUI";"2015-09-03 06:34:05";"2015-09-03 06:39:11";306;326,976256068693;"rcu";"C:\GitHub\AdantiaTools\02_GPXTool\gpx/2/20150902_03_rcu.gpx"
"0883";"45";"PAGU";"2016-11-14 15:54:47";"2016-11-14 16:03:15";508;440,908982278864;"930";"C:\GitHub\AdantiaTools\02_GPXTool\gpx/5/Adantia Track Logger_1479135277930.gpx"
"0629";"01";"PCAR";"2016-11-21 10:53:06";"2016-11-21 10:56:37";211;242,587254690368;"691";"C:\GitHub\AdantiaTools\02_GPXTool\gpx/6/LG_VML/Adantia Track Logger_1479721981691.gpx"
"0638";"10";"PCAR";"2016-11-21 11:06:49";"2016-11-21 11:08:49";120;212,992692696115;"691";"C:\GitHub\AdantiaTools\02_GPXTool\gpx/6/LG_VML/Adantia Track Logger_1479721981691.gpx"
"0525";"13W-10";"PRIO";"2016-11-21 13:40:10";"2016-11-21 13:40:52";42;80,114316657607;"628";"C:\GitHub\AdantiaTools\02_GPXTool\gpx/6/LG_VML/Adantia Track Logger_1479729465628.gpx"
"0551";"11W-20";"PGAM";"2016-11-22 10:50:33";"2016-11-22 10:56:04";331;304,9379923044;"448";"C:\GitHub\AdantiaTools\02_GPXTool\gpx/6/LG_VML/Adantia Track Logger_1479808227448.gpx"
"0550";"11W-19";"PGAM";"2016-11-22 10:58:15";"2016-11-22 11:03:21";306;271,305243981518;"886";"C:\GitHub\AdantiaTools\02_GPXTool\gpx/6/LG_VML/Adantia Track Logger_1479808686886.gpx"
"0556";"11W-25";"PGAM";"2016-11-22 11:10:17";"2016-11-22 11:15:39";322;274,700166404451;"303";"C:\GitHub\AdantiaTools\02_GPXTool\gpx/6/LG_VML/Adantia Track Logger_1479809415303.gpx"
"0598";"12W-01";"PBUI";"2016-11-22 11:20:40";"2016-11-22 11:26:58";378;373,977147543346;"900";"C:\GitHub\AdantiaTools\02_GPXTool\gpx/6/LG_VML/Adantia Track Logger_1479810032900.gpx"
"0599";"12W-02";"PBUI";"2016-11-22 11:28:16";"2016-11-22 11:33:14";298;316,831183280355;"004";"C:\GitHub\AdantiaTools\02_GPXTool\gpx/6/LG_VML/Adantia Track Logger_1479810492004.gpx"
"0628";"12W-31";"PBUI";"2016-11-22 12:09:30";"2016-11-22 12:14:13";283;257,541038664318;"892";"C:\GitHub\AdantiaTools\02_GPXTool\gpx/6/LG_VML/Adantia Track Logger_1479812964892.gpx"
"0624";"12W-27";"PBUI";"2016-11-22 12:17:19";"2016-11-22 12:22:40";321;384,505941614462;"055";"C:\GitHub\AdantiaTools\02_GPXTool\gpx/6/LG_VML/Adantia Track Logger_1479813430055.gpx"
"0623";"12W-26";"PBUI";"2016-11-22 12:26:32";"2016-11-22 12:31:33";301;197,417070690581;"018";"C:\GitHub\AdantiaTools\02_GPXTool\gpx/6/LG_VML/Adantia Track Logger_1479813988018.gpx"
"0622";"12W-25";"PBUI";"2016-11-22 12:35:01";"2016-11-22 12:40:35";334;239,775890053752;"855";"C:\GitHub\AdantiaTools\02_GPXTool\gpx/6/LG_VML/Adantia Track Logger_1479814496855.gpx"
"0618";"12W-21";"PBUI";"2016-11-22 12:45:29";"2016-11-22 12:49:44";255;241,170091215848;"932";"C:\GitHub\AdantiaTools\02_GPXTool\gpx/6/LG_VML/Adantia Track Logger_1479815118932.gpx"
"0617";"12W-20";"PBUI";"2016-11-22 12:51:36";"2016-11-22 12:57:03";327;303,501731073971;"899";"C:\GitHub\AdantiaTools\02_GPXTool\gpx/6/LG_VML/Adantia Track Logger_1479815489899.gpx"
"0616";"12W-19";"PBUI";"2016-11-22 12:58:32";"2016-11-22 13:03:18";286;303,774381170257;"367";"C:\GitHub\AdantiaTools\02_GPXTool\gpx/6/LG_VML/Adantia Track Logger_1479815906367.gpx"
"0612";"12W-15";"PBUI";"2016-11-22 13:05:51";"2016-11-22 13:10:40";289;261,333884402537;"178";"C:\GitHub\AdantiaTools\02_GPXTool\gpx/6/LG_VML/Adantia Track Logger_1479816348178.gpx"
"0611";"12W-14";"PBUI";"2016-11-22 13:12:11";"2016-11-22 13:17:05";294;247,063255540288;"066";"C:\GitHub\AdantiaTools\02_GPXTool\gpx/6/LG_VML/Adantia Track Logger_1479816714066.gpx"
"0610";"12W-13";"PBUI";"2016-11-22 13:18:30";"2016-11-22 13:23:01";271;291,946645563093;"412";"C:\GitHub\AdantiaTools\02_GPXTool\gpx/6/LG_VML/Adantia Track Logger_1479817104412.gpx"
"0607";"12W-10";"PBUI";"2016-11-22 13:26:04";"2016-11-22 13:31:17";313;307,473218409373;"059";"C:\GitHub\AdantiaTools\02_GPXTool\gpx/6/LG_VML/Adantia Track Logger_1479817559059.gpx"
"0602";"12W-05";"PBUI";"2016-11-22 14:00:32";"2016-11-22 14:01:44";72;51,3315056583843;"936";"C:\GitHub\AdantiaTools\02_GPXTool\gpx/6/LG_VML/Adantia Track Logger_1479819435936.gpx"
"0537";"11W-06";"PGAM";"2016-11-22 15:47:12";"2016-11-22 15:49:06";114;51,9934179935824;"358";"C:\GitHub\AdantiaTools\02_GPXTool\gpx/6/LG_VML/Adantia Track Logger_1479825564358.gpx"
"0558";"3W-02";"PVIC";"2016-11-23 10:49:13";"2016-11-23 10:54:41";328;357,283528758393;"910";"C:\GitHub\AdantiaTools\02_GPXTool\gpx/6/LG_VML/Adantia Track Logger_1479894547910.gpx"
"0559";"3W-03";"PVIC";"2016-11-23 10:57:50";"2016-11-23 11:02:00";250;290,983465596299;"796";"C:\GitHub\AdantiaTools\02_GPXTool\gpx/6/LG_VML/Adantia Track Logger_1479895066796.gpx"
"0560";"3W-04";"PVIC";"2016-11-23 11:03:22";"2016-11-23 11:08:55";333;349,631323604981;"689";"C:\GitHub\AdantiaTools\02_GPXTool\gpx/6/LG_VML/Adantia Track Logger_1479895391689.gpx"
"0561";"3W-05";"PVIC";"2016-11-23 11:11:12";"2016-11-23 11:13:21";129;184,56814287274;"132";"C:\GitHub\AdantiaTools\02_GPXTool\gpx/6/LG_VML/Adantia Track Logger_1479895821132.gpx"
"0562";"3W-06";"PVIC";"2016-11-23 11:10:23";"2016-11-23 11:16:22";359;471,598315121401;"132";"C:\GitHub\AdantiaTools\02_GPXTool\gpx/6/LG_VML/Adantia Track Logger_1479895821132.gpx"
"0563";"3W-07";"PVIC";"2016-11-23 11:17:11";"2016-11-23 11:22:03";292;295,411649463824;"455";"C:\GitHub\AdantiaTools\02_GPXTool\gpx/6/LG_VML/Adantia Track Logger_1479896229455.gpx"
"0566";"3W-10";"PVIC";"2016-11-23 11:29:50";"2016-11-23 11:33:59";249;276,629242876467;"595";"C:\GitHub\AdantiaTools\02_GPXTool\gpx/6/LG_VML/Adantia Track Logger_1479896984595.gpx"
"0567";"3W-11";"PVIC";"2016-11-23 11:35:34";"2016-11-23 11:40:47";313;312,695982373471;"089";"C:\GitHub\AdantiaTools\02_GPXTool\gpx/6/LG_VML/Adantia Track Logger_1479897331089.gpx"
"0568";"3W-12";"PVIC";"2016-11-23 11:41:38";"2016-11-23 11:45:06";208;251,583779836899;"096";"C:\GitHub\AdantiaTools\02_GPXTool\gpx/6/LG_VML/Adantia Track Logger_1479897694096.gpx"
"0570";"3W-14";"PVIC";"2016-11-23 11:47:04";"2016-11-23 11:52:44";340;348,19389072476;"161";"C:\GitHub\AdantiaTools\02_GPXTool\gpx/6/LG_VML/Adantia Track Logger_1479898020161.gpx"
"0571";"3W-15";"PVIC";"2016-11-23 11:53:45";"2016-11-23 11:57:46";241;233,564819167638;"182";"C:\GitHub\AdantiaTools\02_GPXTool\gpx/6/LG_VML/Adantia Track Logger_1479898420182.gpx"
"0572";"3W-16";"PVIC";"2016-11-23 11:59:39";"2016-11-23 12:07:35";476;566,866803316451;"947";"C:\GitHub\AdantiaTools\02_GPXTool\gpx/6/LG_VML/Adantia Track Logger_1479898774947.gpx"
"0574";"3W-18";"PVIC";"2016-11-23 12:10:07";"2016-11-23 12:13:47";220;244,090796335442;"981";"C:\GitHub\AdantiaTools\02_GPXTool\gpx/6/LG_VML/Adantia Track Logger_1479899403981.gpx"
"0575";"3W-19";"PVIC";"2016-11-23 12:17:06";"2016-11-23 12:22:03";297;396,651918182752;"388";"C:\GitHub\AdantiaTools\02_GPXTool\gpx/6/LG_VML/Adantia Track Logger_1479899820388.gpx"
"0576";"3W-20";"PVIC";"2016-11-23 12:24:12";"2016-11-23 12:27:57";225;295,475919791003;"533";"C:\GitHub\AdantiaTools\02_GPXTool\gpx/6/LG_VML/Adantia Track Logger_1479900244533.gpx"
"0578";"3W-22";"PVIC";"2016-11-23 12:29:32";"2016-11-23 12:33:24";232;245,122162575527;"363";"C:\GitHub\AdantiaTools\02_GPXTool\gpx/6/LG_VML/Adantia Track Logger_1479900570363.gpx"
"0579";"3W-23";"PVIC";"2016-11-23 12:36:24";"2016-11-23 12:40:16";232;233,56542751969;"756";"C:\GitHub\AdantiaTools\02_GPXTool\gpx/6/LG_VML/Adantia Track Logger_1479900977756.gpx"
"0580";"3W-24";"PVIC";"2016-11-23 12:43:37";"2016-11-23 12:47:44";247;266,835034149226;"305";"C:\GitHub\AdantiaTools\02_GPXTool\gpx/6/LG_VML/Adantia Track Logger_1479901414305.gpx"
"0582";"3W-26";"PVIC";"2016-11-23 12:49:19";"2016-11-23 12:53:20";241;272,531877236636;"425";"C:\GitHub\AdantiaTools\02_GPXTool\gpx/6/LG_VML/Adantia Track Logger_1479901756425.gpx"
"0587";"3W-31";"PVIC";"2016-11-23 13:04:41";"2016-11-23 13:14:49";608;181,513703271427;"818";"C:\GitHub\AdantiaTools\02_GPXTool\gpx/6/LG_VML/Adantia Track Logger_1479902677818.gpx"
"0588";"3W-32";"PVIC";"2016-11-23 13:17:33";"2016-11-23 13:24:10";397;264,762593987288;"829";"C:\GitHub\AdantiaTools\02_GPXTool\gpx/6/LG_VML/Adantia Track Logger_1479903449829.gpx"
"0590";"3W-34";"PVIC";"2016-11-23 13:25:33";"2016-11-23 13:30:01";268;303,256465519914;"513";"C:\GitHub\AdantiaTools\02_GPXTool\gpx/6/LG_VML/Adantia Track Logger_1479903929513.gpx"
"0591";"3W-35";"PVIC";"2016-11-23 13:30:54";"2016-11-23 13:34:31";217;250,360354170362;"453";"C:\GitHub\AdantiaTools\02_GPXTool\gpx/6/LG_VML/Adantia Track Logger_1479904250453.gpx"
"0592";"3W-36";"PVIC";"2016-11-23 13:35:38";"2016-11-23 13:39:09";211;241,705520291707;"718";"C:\GitHub\AdantiaTools\02_GPXTool\gpx/6/LG_VML/Adantia Track Logger_1479904534718.gpx"
"0594";"3W-38";"PVIC";"2016-11-23 13:41:02";"2016-11-23 13:45:24";262;304,376631188384;"821";"C:\GitHub\AdantiaTools\02_GPXTool\gpx/6/LG_VML/Adantia Track Logger_1479904856821.gpx"
"0595";"3W-39";"PVIC";"2016-11-23 13:46:49";"2016-11-23 13:51:05";256;237,231823648053;"440";"C:\GitHub\AdantiaTools\02_GPXTool\gpx/6/LG_VML/Adantia Track Logger_1479905205440.gpx"
"0596";"3W-40";"PVIC";"2016-11-23 13:52:53";"2016-11-23 13:57:21";268;259,580650977377;"930";"C:\GitHub\AdantiaTools\02_GPXTool\gpx/6/LG_VML/Adantia Track Logger_1479905569930.gpx"
"0985";"17";"PSAN";"2016-11-14 12:04:56";"2016-11-14 12:09:23";267;234,195110759132;"010";"C:\GitHub\AdantiaTools\02_GPXTool\gpx/6/SONY_RCG/Adantia Track Logger_1479121030010.gpx"
"0987";"19";"PSAN";"2016-11-14 11:57:19";"2016-11-14 12:04:02";403;260,741146410529;"010";"C:\GitHub\AdantiaTools\02_GPXTool\gpx/6/SONY_RCG/Adantia Track Logger_1479121030010.gpx"
"0981";"13";"PSAN";"2016-11-14 12:25:19";"2016-11-14 12:29:05";226;159,930909482948;"101";"C:\GitHub\AdantiaTools\02_GPXTool\gpx/6/SONY_RCG/Adantia Track Logger_1479122710101.gpx"
"0979";"11";"PSAN";"2016-11-14 12:31:08";"2016-11-14 12:34:09";181;132,776185719615;"682";"C:\GitHub\AdantiaTools\02_GPXTool\gpx/6/SONY_RCG/Adantia Track Logger_1479123058682.gpx"
"0977";"09";"PSAN";"2016-11-14 12:36:40";"2016-11-14 12:39:36";176;136,118713262204;"368";"C:\GitHub\AdantiaTools\02_GPXTool\gpx/6/SONY_RCG/Adantia Track Logger_1479123391368.gpx"
"0975";"07";"PSAN";"2016-11-14 12:41:57";"2016-11-14 12:46:08";251;236,87324857735;"429";"C:\GitHub\AdantiaTools\02_GPXTool\gpx/6/SONY_RCG/Adantia Track Logger_1479123708429.gpx"
"0973";"05";"PSAN";"2016-11-14 12:48:31";"2016-11-14 12:50:53";142;91,1880895522377;"440";"C:\GitHub\AdantiaTools\02_GPXTool\gpx/6/SONY_RCG/Adantia Track Logger_1479124101440.gpx"
"0971";"03";"PSAN";"2016-11-14 12:54:49";"2016-11-14 12:58:17";208;191,111328124524;"152";"C:\GitHub\AdantiaTools\02_GPXTool\gpx/6/SONY_RCG/Adantia Track Logger_1479124480152.gpx"
"0990";"01";"PSIS";"2016-11-14 14:50:45";"2016-11-14 14:59:31";526;305,934046379864;"930";"C:\GitHub\AdantiaTools\02_GPXTool\gpx/6/SONY_RCG/Adantia Track Logger_1479131435930.gpx"
"0992";"03";"PSIS";"2016-11-14 15:03:59";"2016-11-14 15:11:22";443;249,091990715864;"508";"C:\GitHub\AdantiaTools\02_GPXTool\gpx/6/SONY_RCG/Adantia Track Logger_1479132230508.gpx"
"0994";"05";"PSIS";"2016-11-14 15:15:16";"2016-11-14 15:21:50";394;231,254151026721;"492";"C:\GitHub\AdantiaTools\02_GPXTool\gpx/6/SONY_RCG/Adantia Track Logger_1479132906492.gpx"
"0996";"07";"PSIS";"2016-11-14 15:25:33";"2016-11-14 15:31:25";352;162,923986098473;"322";"C:\GitHub\AdantiaTools\02_GPXTool\gpx/6/SONY_RCG/Adantia Track Logger_1479133524322.gpx"
"0998";"09";"PSIS";"2016-11-14 15:33:26";"2016-11-14 15:39:33";367;162,688737579867;"174";"C:\GitHub\AdantiaTools\02_GPXTool\gpx/6/SONY_RCG/Adantia Track Logger_1479133997174.gpx"
"0883";"45";"PAGU";"2016-11-14 15:54:47";"2016-11-14 16:03:15";508;440,908982278864;"930";"C:\GitHub\AdantiaTools\02_GPXTool\gpx/6/SONY_RCG/Adantia Track Logger_1479135277930.gpx"
"0845";"07";"PAGU";"2016-11-14 16:09:43";"2016-11-14 16:15:15";332;234,757613440135;"645";"C:\GitHub\AdantiaTools\02_GPXTool\gpx/6/SONY_RCG/Adantia Track Logger_1479136174645.gpx"
"0843";"05";"PAGU";"2016-11-14 16:17:35";"2016-11-14 16:22:24";289;228,503719937197;"125";"C:\GitHub\AdantiaTools\02_GPXTool\gpx/6/SONY_RCG/Adantia Track Logger_1479136646125.gpx"
"0847";"09";"PAGU";"2016-11-14 16:26:05";"2016-11-14 16:30:42";277;228,031241856978;"790";"C:\GitHub\AdantiaTools\02_GPXTool\gpx/6/SONY_RCG/Adantia Track Logger_1479137155790.gpx"
"0841";"03";"PAGU";"2016-11-14 16:34:28";"2016-11-14 16:39:52";324;271,66680928548;"846";"C:\GitHub\AdantiaTools\02_GPXTool\gpx/6/SONY_RCG/Adantia Track Logger_1479137660846.gpx"
"0839";"01";"PAGU";"2016-11-14 16:42:42";"2016-11-14 16:48:25";343;283,10433135894;"646";"C:\GitHub\AdantiaTools\02_GPXTool\gpx/6/SONY_RCG/Adantia Track Logger_1479138151646.gpx"
"0849";"11";"PAGU";"2016-11-14 16:50:53";"2016-11-14 16:57:05";372;248,598386690854;"906";"C:\GitHub\AdantiaTools\02_GPXTool\gpx/6/SONY_RCG/Adantia Track Logger_1479138643906.gpx"
"0851";"13";"PAGU";"2016-11-14 16:58:57";"2016-11-14 17:02:07";190;157,459886771816;"829";"C:\GitHub\AdantiaTools\02_GPXTool\gpx/6/SONY_RCG/Adantia Track Logger_1479139127829.gpx"
"0859";"21";"PAGU";"2016-11-14 17:04:52";"2016-11-14 17:08:14";202;84,8246181615233;"049";"C:\GitHub\AdantiaTools\02_GPXTool\gpx/6/SONY_RCG/Adantia Track Logger_1479139483049.gpx"
"0853";"15";"PAGU";"2016-11-14 17:13:40";"2016-11-14 17:17:26";226;157,532414991547;"188";"C:\GitHub\AdantiaTools\02_GPXTool\gpx/6/SONY_RCG/Adantia Track Logger_1479140011188.gpx"
"0963";"1.5";"PNEB";"2016-11-15 09:04:56";"2016-11-15 09:14:48";592;339,848262834776;"642";"C:\GitHub\AdantiaTools\02_GPXTool\gpx/6/SONY_RCG/Adantia Track Logger_1479197091642.gpx"
"0962";"1.4";"PNEB";"2016-11-15 09:16:34";"2016-11-15 09:29:42";788;319,12724780981;"811";"C:\GitHub\AdantiaTools\02_GPXTool\gpx/6/SONY_RCG/Adantia Track Logger_1479197790811.gpx"
"0961";"1.3";"PNEB";"2016-11-15 09:33:12";"2016-11-15 09:51:07";1075;522,18112598287;"024";"C:\GitHub\AdantiaTools\02_GPXTool\gpx/6/SONY_RCG/Adantia Track Logger_1479198788024.gpx"
"0960";"1.2";"PNEB";"2016-11-15 10:08:33";"2016-11-15 10:21:28";775;583,423560639247;"801";"C:\GitHub\AdantiaTools\02_GPXTool\gpx/6/SONY_RCG/Adantia Track Logger_1479200908801.gpx"
"0959";"1.1";"PNEB";"2016-11-15 10:23:40";"2016-11-15 10:39:17";937;513,346881630329;"179";"C:\GitHub\AdantiaTools\02_GPXTool\gpx/6/SONY_RCG/Adantia Track Logger_1479201816179.gpx"
"0968";"2.5";"PNEB";"2016-11-15 10:51:11";"2016-11-15 11:05:09";838;477,623506481356;"310";"C:\GitHub\AdantiaTools\02_GPXTool\gpx/6/SONY_RCG/Adantia Track Logger_1479203467310.gpx"
"0967";"2.4";"PNEB";"2016-11-15 11:08:13";"2016-11-15 11:20:20";727;454,438254276874;"548";"C:\GitHub\AdantiaTools\02_GPXTool\gpx/6/SONY_RCG/Adantia Track Logger_1479204491548.gpx"
"0966";"2.3";"PNEB";"2016-11-15 11:22:40";"2016-11-15 11:34:55";735;535,974322269343;"939";"C:\GitHub\AdantiaTools\02_GPXTool\gpx/6/SONY_RCG/Adantia Track Logger_1479205357939.gpx"
"0965";"2.2";"PNEB";"2016-11-15 11:37:33";"2016-11-15 11:47:04";571;506,311156171806;"381";"C:\GitHub\AdantiaTools\02_GPXTool\gpx/6/SONY_RCG/Adantia Track Logger_1479206251381.gpx"
"0964";"2.1";"PNEB";"2016-11-15 11:52:06";"2016-11-15 12:02:28";622;419,86808056754;"027";"C:\GitHub\AdantiaTools\02_GPXTool\gpx/6/SONY_RCG/Adantia Track Logger_1479207122027.gpx"
"1009";"10";"PSES";"2016-11-15 12:52:43";"2016-11-15 13:06:50";847;527,620382016153;"360";"C:\GitHub\AdantiaTools\02_GPXTool\gpx/6/SONY_RCG/Adantia Track Logger_1479210759360.gpx"
"1008";"09";"PSES";"2016-11-15 13:17:44";"2016-11-15 13:27:05";561;444,142594441115;"009";"C:\GitHub\AdantiaTools\02_GPXTool\gpx/6/SONY_RCG/Adantia Track Logger_1479212262009.gpx"
"1007";"08";"PSES";"2016-11-15 13:28:36";"2016-11-15 13:36:59";503;435,275281055493;"457";"C:\GitHub\AdantiaTools\02_GPXTool\gpx/6/SONY_RCG/Adantia Track Logger_1479212912457.gpx"
"1006";"07";"PSES";"2016-11-15 13:38:46";"2016-11-15 13:46:16";450;446,765933890814;"464";"C:\GitHub\AdantiaTools\02_GPXTool\gpx/6/SONY_RCG/Adantia Track Logger_1479213523464.gpx"
"1005";"06";"PSES";"2016-11-15 13:49:59";"2016-11-15 13:58:42";523;363,859082070026;"923";"C:\GitHub\AdantiaTools\02_GPXTool\gpx/6/SONY_RCG/Adantia Track Logger_1479214194923.gpx"
"1004";"05";"PSES";"2016-11-15 14:01:23";"2016-11-15 14:08:21";418;292,869996617543;"622";"C:\GitHub\AdantiaTools\02_GPXTool\gpx/6/SONY_RCG/Adantia Track Logger_1479214878622.gpx"
"1003";"04";"PSES";"2016-11-15 14:10:37";"2016-11-15 14:15:47";310;316,989500852372;"110";"C:\GitHub\AdantiaTools\02_GPXTool\gpx/6/SONY_RCG/Adantia Track Logger_1479215431110.gpx"
"1002";"03";"PSES";"2016-11-15 14:20:29";"2016-11-15 14:26:41";372;324,063693908823;"842";"C:\GitHub\AdantiaTools\02_GPXTool\gpx/6/SONY_RCG/Adantia Track Logger_1479216017842.gpx"
"1001";"02";"PSES";"2016-11-15 14:29:17";"2016-11-15 14:33:30";253;246,348580022212;"253";"C:\GitHub\AdantiaTools\02_GPXTool\gpx/6/SONY_RCG/Adantia Track Logger_1479216552253.gpx"
"1000";"01";"PSES";"2016-11-15 14:37:23";"2016-11-15 14:41:55";272;287,896913237441;"807";"C:\GitHub\AdantiaTools\02_GPXTool\gpx/6/SONY_RCG/Adantia Track Logger_1479217039807.gpx"
"0890";"05";"PCIN";"2016-11-16 08:18:21";"2016-11-16 08:28:10";589;236,432548874036;"837";"C:\GitHub\AdantiaTools\02_GPXTool\gpx/6/SONY_RCG/Adantia Track Logger_1479280678837.gpx"
"0888";"03";"PCIN";"2016-11-16 08:33:23";"2016-11-16 08:41:22";479;388,531806879985;"593";"C:\GitHub\AdantiaTools\02_GPXTool\gpx/6/SONY_RCG/Adantia Track Logger_1479281599593.gpx"
"0886";"01";"PCIN";"2016-11-16 08:43:54";"2016-11-16 08:49:49";355;242,259183328664;"208";"C:\GitHub\AdantiaTools\02_GPXTool\gpx/6/SONY_RCG/Adantia Track Logger_1479282229208.gpx"
"0928";"35";"PLGA";"2016-11-16 08:58:54";"2016-11-16 09:06:56";482;291,430765780501;"522";"C:\GitHub\AdantiaTools\02_GPXTool\gpx/6/SONY_RCG/Adantia Track Logger_1479283129522.gpx"
"0918";"25";"PLGA";"2016-11-16 09:30:50";"2016-11-16 09:35:18";268;182,021694620267;"478";"C:\GitHub\AdantiaTools\02_GPXTool\gpx/6/SONY_RCG/Adantia Track Logger_1479285045478.gpx"
"0916";"23";"PLGA";"2016-11-16 09:40:56";"2016-11-16 09:45:24";268;218,654332927101;"772";"C:\GitHub\AdantiaTools\02_GPXTool\gpx/6/SONY_RCG/Adantia Track Logger_1479285649772.gpx"
"0920";"27";"PLGA";"2016-11-16 09:49:25";"2016-11-16 09:58:31";546;478,767567853412;"548";"C:\GitHub\AdantiaTools\02_GPXTool\gpx/6/SONY_RCG/Adantia Track Logger_1479286160548.gpx"
"0930";"37";"PLGA";"2016-11-16 10:06:26";"2016-11-16 10:13:14";408;214,388304734398;"423";"C:\GitHub\AdantiaTools\02_GPXTool\gpx/6/SONY_RCG/Adantia Track Logger_1479287183423.gpx"
"0934";"41";"PLGA";"2016-11-16 10:18:16";"2016-11-16 10:27:01";525;276,488482200488;"139";"C:\GitHub\AdantiaTools\02_GPXTool\gpx/6/SONY_RCG/Adantia Track Logger_1479287893139.gpx"
"0936";"43";"PLGA";"2016-11-16 10:47:36";"2016-11-16 10:55:01";445;393,747191769058;"206";"C:\GitHub\AdantiaTools\02_GPXTool\gpx/6/SONY_RCG/Adantia Track Logger_1479289651206.gpx"
"0938";"45";"PLGA";"2016-11-16 10:56:49";"2016-11-16 11:03:08";379;187,622112170283;"870";"C:\GitHub\AdantiaTools\02_GPXTool\gpx/6/SONY_RCG/Adantia Track Logger_1479290206870.gpx"
"0940";"47";"PLGA";"2016-11-16 11:06:40";"2016-11-16 11:11:17";277;160,133599779767;"224";"C:\GitHub\AdantiaTools\02_GPXTool\gpx/6/SONY_RCG/Adantia Track Logger_1479290795224.gpx"
"0942";"49";"PLGA";"2016-11-16 11:13:36";"2016-11-16 11:17:11";215;117,292568335967;"393";"C:\GitHub\AdantiaTools\02_GPXTool\gpx/6/SONY_RCG/Adantia Track Logger_1479291211393.gpx"
"0944";"51";"PLGA";"2016-11-16 11:19:41";"2016-11-16 11:24:57";316;239,792190839951;"085";"C:\GitHub\AdantiaTools\02_GPXTool\gpx/6/SONY_RCG/Adantia Track Logger_1479291576085.gpx"
"0946";"53";"PLGA";"2016-11-16 11:28:59";"2016-11-16 11:34:11";312;250,516948767664;"930";"C:\GitHub\AdantiaTools\02_GPXTool\gpx/6/SONY_RCG/Adantia Track Logger_1479292135930.gpx"
"0948";"55";"PLGA";"2016-11-16 11:37:22";"2016-11-16 11:42:29";307;283,851771908363;"324";"C:\GitHub\AdantiaTools\02_GPXTool\gpx/6/SONY_RCG/Adantia Track Logger_1479292636324.gpx"
"0950";"57";"PLGA";"2016-11-16 11:44:15";"2016-11-16 11:49:48";333;275,846469919658;"243";"C:\GitHub\AdantiaTools\02_GPXTool\gpx/6/SONY_RCG/Adantia Track Logger_1479293052243.gpx"
"0952";"59";"PLGA";"2016-11-16 11:52:12";"2016-11-16 11:58:04";352;425,996061889961;"523";"C:\GitHub\AdantiaTools\02_GPXTool\gpx/6/SONY_RCG/Adantia Track Logger_1479293526523.gpx"
"0954";"61";"PLGA";"2016-11-16 12:06:46";"2016-11-16 12:10:39";233;140,487662082904;"919";"C:\GitHub\AdantiaTools\02_GPXTool\gpx/6/SONY_RCG/Adantia Track Logger_1479294400919.gpx"
"0956";"63";"PLGA";"2016-11-16 12:15:15";"2016-11-16 12:19:26";251;205,360355530197;"772";"C:\GitHub\AdantiaTools\02_GPXTool\gpx/6/SONY_RCG/Adantia Track Logger_1479294910772.gpx"
"0958";"65";"PLGA";"2016-11-16 12:23:09";"2016-11-16 12:26:16";187;137,89561625867;"197";"C:\GitHub\AdantiaTools\02_GPXTool\gpx/6/SONY_RCG/Adantia Track Logger_1479295384197.gpx"
"0914";"21";"PLGA";"2016-11-16 12:37:28";"2016-11-16 12:42:22";294;190,324520988802;"009";"C:\GitHub\AdantiaTools\02_GPXTool\gpx/6/SONY_RCG/Adantia Track Logger_1479296244009.gpx"
"0912";"19";"PLGA";"2016-11-16 12:46:15";"2016-11-16 12:51:25";310;202,021986479398;"828";"C:\GitHub\AdantiaTools\02_GPXTool\gpx/6/SONY_RCG/Adantia Track Logger_1479296769828.gpx"
"0910";"17";"PLGA";"2016-11-16 12:54:05";"2016-11-16 13:01:09";424;213,902646310939;"528";"C:\GitHub\AdantiaTools\02_GPXTool\gpx/6/SONY_RCG/Adantia Track Logger_1479297240528.gpx"
"0904";"11";"PLGA";"2016-11-17 08:57:50";"2016-11-17 09:05:04";434;303,749895226497;"026";"C:\GitHub\AdantiaTools\02_GPXTool\gpx/6/SONY_RCG/Adantia Track Logger_1479369453026.gpx"
"0906";"13";"PLGA";"2016-11-17 09:08:47";"2016-11-17 09:12:25";218;128,927230362365;"254";"C:\GitHub\AdantiaTools\02_GPXTool\gpx/6/SONY_RCG/Adantia Track Logger_1479370123254.gpx"
"0908";"15";"PLGA";"2016-11-17 09:17:06";"2016-11-17 09:19:51";165;155,842930528931;"213";"C:\GitHub\AdantiaTools\02_GPXTool\gpx/6/SONY_RCG/Adantia Track Logger_1479370623213.gpx"
"0894";"01";"PLGA";"2016-11-17 09:26:59";"2016-11-17 09:30:25";206;81,751118283637;"581";"C:\GitHub\AdantiaTools\02_GPXTool\gpx/6/SONY_RCG/Adantia Track Logger_1479371214581.gpx"
"0896";"03";"PLGA";"2016-11-17 09:32:42";"2016-11-17 09:37:46";304;154,866453090383;"441";"C:\GitHub\AdantiaTools\02_GPXTool\gpx/6/SONY_RCG/Adantia Track Logger_1479371557441.gpx"
"0898";"05";"PLGA";"2016-11-17 09:39:47";"2016-11-17 09:44:07";260;134,08929462546;"798";"C:\GitHub\AdantiaTools\02_GPXTool\gpx/6/SONY_RCG/Adantia Track Logger_1479371982798.gpx"
"0900";"07";"PLGA";"2016-11-17 09:46:52";"2016-11-17 09:53:31";399;354,813939730111;"885";"C:\GitHub\AdantiaTools\02_GPXTool\gpx/6/SONY_RCG/Adantia Track Logger_1479372402885.gpx"
"0902";"09";"PLGA";"2016-11-17 09:55:58";"2016-11-17 09:58:33";155;185,040678803516;"798";"C:\GitHub\AdantiaTools\02_GPXTool\gpx/6/SONY_RCG/Adantia Track Logger_1479372953798.gpx"
"0861";"23";"PAGU";"2016-11-17 10:42:30";"2016-11-17 10:46:49";259;301,047081279766;"010";"C:\GitHub\AdantiaTools\02_GPXTool\gpx/6/SONY_RCG/Adantia Track Logger_1479375745010.gpx"
"0863";"25";"PAGU";"2016-11-17 10:51:36";"2016-11-17 10:55:01";205;113,885718716454;"044";"C:\GitHub\AdantiaTools\02_GPXTool\gpx/6/SONY_RCG/Adantia Track Logger_1479376291044.gpx"
"0865";"27";"PAGU";"2016-11-17 10:58:42";"2016-11-17 11:02:15";213;87,8847266592632;"089";"C:\GitHub\AdantiaTools\02_GPXTool\gpx/6/SONY_RCG/Adantia Track Logger_1479376717089.gpx"
"0867";"29";"PAGU";"2016-11-17 11:05:23";"2016-11-17 11:09:03";220;102,084535826151;"277";"C:\GitHub\AdantiaTools\02_GPXTool\gpx/6/SONY_RCG/Adantia Track Logger_1479377118277.gpx"
"0869";"31";"PAGU";"2016-11-17 11:10:59";"2016-11-17 11:14:12";193;84,9972301536953;"743";"C:\GitHub\AdantiaTools\02_GPXTool\gpx/6/SONY_RCG/Adantia Track Logger_1479377456743.gpx"
"0871";"33";"PAGU";"2016-11-17 11:19:50";"2016-11-17 11:22:20";150;71,8516467606026;"489";"C:\GitHub\AdantiaTools\02_GPXTool\gpx/6/SONY_RCG/Adantia Track Logger_1479377987489.gpx"
"0873";"35";"PAGU";"2016-11-17 11:26:52";"2016-11-17 11:30:24";212;173,571828512146;"529";"C:\GitHub\AdantiaTools\02_GPXTool\gpx/6/SONY_RCG/Adantia Track Logger_1479378407529.gpx"
"0875";"37";"PAGU";"2016-11-17 11:34:01";"2016-11-17 11:37:03";182;147,869036719432;"815";"C:\GitHub\AdantiaTools\02_GPXTool\gpx/6/SONY_RCG/Adantia Track Logger_1479378836815.gpx"
"0877";"39";"PAGU";"2016-11-17 11:42:59";"2016-11-17 11:46:16";197;93,3655746081168;"921";"C:\GitHub\AdantiaTools\02_GPXTool\gpx/6/SONY_RCG/Adantia Track Logger_1479379374921.gpx"
"0879";"41";"PAGU";"2016-11-17 11:50:21";"2016-11-17 11:53:13";172;196,7523723369;"828";"C:\GitHub\AdantiaTools\02_GPXTool\gpx/6/SONY_RCG/Adantia Track Logger_1479379815828.gpx"
"0881";"43";"PAGU";"2016-11-17 11:55:58";"2016-11-17 11:57:42";104;113,980245086784;"579";"C:\GitHub\AdantiaTools\02_GPXTool\gpx/6/SONY_RCG/Adantia Track Logger_1479380153579.gpx"
"0857";"19";"PAGU";"2016-11-17 12:04:35";"2016-11-17 12:08:22";227;147,705743985154;"077";"C:\GitHub\AdantiaTools\02_GPXTool\gpx/6/SONY_RCG/Adantia Track Logger_1479380671077.gpx"
"0855";"17";"PAGU";"2016-11-17 12:12:03";"2016-11-17 12:15:25";202;192,970271294185;"009";"C:\GitHub\AdantiaTools\02_GPXTool\gpx/6/SONY_RCG/Adantia Track Logger_1479381117009.gpx"
"0629";"01";"PCAR";"2016-11-21 10:53:54";"2016-11-21 10:56:37";163;250,531202280412;"623";"C:\GitHub\AdantiaTools\02_GPXTool\gpx/6/SONY_RCG/Adantia Track Logger_1479721961623.gpx"
"0638";"10";"PCAR";"2016-11-21 11:06:52";"2016-11-21 11:08:49";117;208,961399744936;"623";"C:\GitHub\AdantiaTools\02_GPXTool\gpx/6/SONY_RCG/Adantia Track Logger_1479721961623.gpx"
"0521";"13W-06";"PRIO";"2016-11-21 12:58:06";"2016-11-21 13:03:43";337;74,0489336002771;"364";"C:\GitHub\AdantiaTools\02_GPXTool\gpx/6/SONY_RCG/Adantia Track Logger_1479729471364.gpx"
"0551";"11W-20";"PGAM";"2016-11-22 10:55:03";"2016-11-22 10:56:27";84;60,7472048383197;"275";"C:\GitHub\AdantiaTools\02_GPXTool\gpx/6/SONY_RCG/Adantia Track Logger_1479808213275.gpx"
"0550";"11W-19";"PGAM";"2016-11-22 10:58:34";"2016-11-22 11:04:11";337;298,924722708305;"018";"C:\GitHub\AdantiaTools\02_GPXTool\gpx/6/SONY_RCG/Adantia Track Logger_1479808704018.gpx"
"0556";"11W-25";"PGAM";"2016-11-22 11:10:29";"2016-11-22 11:15:08";279;195,014915711832;"545";"C:\GitHub\AdantiaTools\02_GPXTool\gpx/6/SONY_RCG/Adantia Track Logger_1479809415545.gpx"
"0598";"12W-01";"PBUI";"2016-11-22 11:20:52";"2016-11-22 11:26:35";343;272,740202497678;"362";"C:\GitHub\AdantiaTools\02_GPXTool\gpx/6/SONY_RCG/Adantia Track Logger_1479810042362.gpx"
"0599";"12W-02";"PBUI";"2016-11-22 11:28:23";"2016-11-22 11:34:44";381;270,952050593065;"087";"C:\GitHub\AdantiaTools\02_GPXTool\gpx/6/SONY_RCG/Adantia Track Logger_1479810495087.gpx"
"0628";"12W-31";"PBUI";"2016-11-22 12:09:25";"2016-11-22 12:14:22";297;136,686209389276;"390";"C:\GitHub\AdantiaTools\02_GPXTool\gpx/6/SONY_RCG/Adantia Track Logger_1479812957390.gpx"
"0624";"12W-27";"PBUI";"2016-11-22 12:17:08";"2016-11-22 12:22:46";338;263,404379070192;"182";"C:\GitHub\AdantiaTools\02_GPXTool\gpx/6/SONY_RCG/Adantia Track Logger_1479813419182.gpx"
"0623";"12W-26";"PBUI";"2016-11-22 12:26:20";"2016-11-22 12:31:35";315;162,310235439416;"550";"C:\GitHub\AdantiaTools\02_GPXTool\gpx/6/SONY_RCG/Adantia Track Logger_1479813972550.gpx"
"0622";"12W-25";"PBUI";"2016-11-22 12:34:47";"2016-11-22 12:41:04";377;270,722774043556;"329";"C:\GitHub\AdantiaTools\02_GPXTool\gpx/6/SONY_RCG/Adantia Track Logger_1479814478329.gpx"
"0618";"12W-21";"PBUI";"2016-11-22 12:45:26";"2016-11-22 12:50:16";290;183,974193899977;"907";"C:\GitHub\AdantiaTools\02_GPXTool\gpx/6/SONY_RCG/Adantia Track Logger_1479815116907.gpx"
"0616";"12W-19";"PBUI";"2016-11-22 12:58:50";"2016-11-22 13:04:09";319;338,981365346704;"562";"C:\GitHub\AdantiaTools\02_GPXTool\gpx/6/SONY_RCG/Adantia Track Logger_1479815920562.gpx"
"0612";"12W-15";"PBUI";"2016-11-22 13:06:30";"2016-11-22 13:10:34";244;215,298554723848;"997";"C:\GitHub\AdantiaTools\02_GPXTool\gpx/6/SONY_RCG/Adantia Track Logger_1479816379997.gpx"
"0611";"12W-14";"PBUI";"2016-11-22 13:12:05";"2016-11-22 13:17:04";299;242,713703433564;"635";"C:\GitHub\AdantiaTools\02_GPXTool\gpx/6/SONY_RCG/Adantia Track Logger_1479816716635.gpx"
"0610";"12W-13";"PBUI";"2016-11-22 13:18:27";"2016-11-22 13:22:52";265;202,218010739128;"908";"C:\GitHub\AdantiaTools\02_GPXTool\gpx/6/SONY_RCG/Adantia Track Logger_1479817096908.gpx"
"0607";"12W-10";"PBUI";"2016-11-22 13:26:03";"2016-11-22 13:31:49";346;213,914128141547;"248";"C:\GitHub\AdantiaTools\02_GPXTool\gpx/6/SONY_RCG/Adantia Track Logger_1479817552248.gpx"
"0559";"3W-03";"PVIC";"2016-11-23 10:58:15";"2016-11-23 11:02:12";237;237,736315633549;"250";"C:\GitHub\AdantiaTools\02_GPXTool\gpx/6/SONY_RCG/Adantia Track Logger_1479895086250.gpx"
"0560";"3W-04";"PVIC";"2016-11-23 11:03:39";"2016-11-23 11:08:36";297;281,045346051543;"021";"C:\GitHub\AdantiaTools\02_GPXTool\gpx/6/SONY_RCG/Adantia Track Logger_1479895404021.gpx"
"0562";"3W-06";"PVIC";"2016-11-23 11:10:25";"2016-11-23 11:14:21";236;234,470821246727;"362";"C:\GitHub\AdantiaTools\02_GPXTool\gpx/6/SONY_RCG/Adantia Track Logger_1479895815362.gpx"
"0563";"3W-07";"PVIC";"2016-11-23 11:17:12";"2016-11-23 11:22:07";295;279,804966552232;"194";"C:\GitHub\AdantiaTools\02_GPXTool\gpx/6/SONY_RCG/Adantia Track Logger_1479896222194.gpx"
"0564";"3W-08";"PVIC";"2016-11-23 11:23:30";"2016-11-23 11:27:33";243;264,200409285855;"430";"C:\GitHub\AdantiaTools\02_GPXTool\gpx/6/SONY_RCG/Adantia Track Logger_1479896600430.gpx"
"0566";"3W-10";"PVIC";"2016-11-23 11:30:02";"2016-11-23 11:33:58";236;255,631790004829;"673";"C:\GitHub\AdantiaTools\02_GPXTool\gpx/6/SONY_RCG/Adantia Track Logger_1479896992673.gpx"
"0567";"3W-11";"PVIC";"2016-11-23 11:36:13";"2016-11-23 11:40:14";241;208,007799666703;"080";"C:\GitHub\AdantiaTools\02_GPXTool\gpx/6/SONY_RCG/Adantia Track Logger_1479897362080.gpx"
"0568";"3W-12";"PVIC";"2016-11-23 11:41:40";"2016-11-23 11:45:14";214;233,014126422281;"026";"C:\GitHub\AdantiaTools\02_GPXTool\gpx/6/SONY_RCG/Adantia Track Logger_1479897690026.gpx"
"0570";"3W-14";"PVIC";"2016-11-23 11:48:33";"2016-11-23 11:52:34";241;239,447611895202;"236";"C:\GitHub\AdantiaTools\02_GPXTool\gpx/6/SONY_RCG/Adantia Track Logger_1479898102236.gpx"
"0571";"3W-15";"PVIC";"2016-11-23 11:54:16";"2016-11-23 11:58:48";272;247,096209767188;"431";"C:\GitHub\AdantiaTools\02_GPXTool\gpx/6/SONY_RCG/Adantia Track Logger_1479898446431.gpx"
"0572";"3W-16";"PVIC";"2016-11-23 12:00:01";"2016-11-23 12:03:38";217;220,134843791468;"701";"C:\GitHub\AdantiaTools\02_GPXTool\gpx/6/SONY_RCG/Adantia Track Logger_1479898790701.gpx"
"0574";"3W-18";"PVIC";"2016-11-23 12:10:22";"2016-11-23 12:15:52";330;238,012248582385;"610";"C:\GitHub\AdantiaTools\02_GPXTool\gpx/6/SONY_RCG/Adantia Track Logger_1479899413610.gpx"
"0575";"3W-19";"PVIC";"2016-11-23 12:17:19";"2016-11-23 12:22:41";322;285,828215429699;"964";"C:\GitHub\AdantiaTools\02_GPXTool\gpx/6/SONY_RCG/Adantia Track Logger_1479899828964.gpx"
"0576";"3W-20";"PVIC";"2016-11-23 12:24:22";"2016-11-23 12:27:51";209;219,241316354091;"310";"C:\GitHub\AdantiaTools\02_GPXTool\gpx/6/SONY_RCG/Adantia Track Logger_1479900252310.gpx"
"0578";"3W-22";"PVIC";"2016-11-23 12:29:46";"2016-11-23 12:34:47";301;205,048658568256;"923";"C:\GitHub\AdantiaTools\02_GPXTool\gpx/6/SONY_RCG/Adantia Track Logger_1479900575923.gpx"
"0579";"3W-23";"PVIC";"2016-11-23 12:36:38";"2016-11-23 12:42:18";340;211,184460842328;"830";"C:\GitHub\AdantiaTools\02_GPXTool\gpx/6/SONY_RCG/Adantia Track Logger_1479900987830.gpx"
"0580";"3W-24";"PVIC";"2016-11-23 12:44:02";"2016-11-23 12:47:21";199;222,457440824221;"100";"C:\GitHub\AdantiaTools\02_GPXTool\gpx/6/SONY_RCG/Adantia Track Logger_1479901431100.gpx"
"0582";"3W-26";"PVIC";"2016-11-23 12:49:25";"2016-11-23 12:53:29";244;239,983392260945;"623";"C:\GitHub\AdantiaTools\02_GPXTool\gpx/6/SONY_RCG/Adantia Track Logger_1479901754623.gpx"
"0587";"3W-31";"PVIC";"2016-11-23 13:11:20";"2016-11-23 13:15:51";271;279,293174921484;"367";"C:\GitHub\AdantiaTools\02_GPXTool\gpx/6/SONY_RCG/Adantia Track Logger_1479903069367.gpx"
"0588";"3W-32";"PVIC";"2016-11-23 13:19:54";"2016-11-23 13:23:46";232;232,741284229345;"295";"C:\GitHub\AdantiaTools\02_GPXTool\gpx/6/SONY_RCG/Adantia Track Logger_1479903583295.gpx"
"0590";"3W-34";"PVIC";"2016-11-23 13:25:36";"2016-11-23 13:28:56";200;197,088645947104;"379";"C:\GitHub\AdantiaTools\02_GPXTool\gpx/6/SONY_RCG/Adantia Track Logger_1479903926379.gpx"
"0591";"3W-35";"PVIC";"2016-11-23 13:31:04";"2016-11-23 13:34:47";223;249,821221986508;"602";"C:\GitHub\AdantiaTools\02_GPXTool\gpx/6/SONY_RCG/Adantia Track Logger_1479904253602.gpx"
"0592";"3W-36";"PVIC";"2016-11-23 13:35:43";"2016-11-23 13:39:47";244;260,99047705482;"978";"C:\GitHub\AdantiaTools\02_GPXTool\gpx/6/SONY_RCG/Adantia Track Logger_1479904531978.gpx"
"0594";"3W-38";"PVIC";"2016-11-23 13:41:28";"2016-11-23 13:45:52";264;252,940946704788;"354";"C:\GitHub\AdantiaTools\02_GPXTool\gpx/6/SONY_RCG/Adantia Track Logger_1479904873354.gpx"
"0595";"3W-39";"PVIC";"2016-11-23 13:47:25";"2016-11-23 13:51:08";223;276,426920781579;"217";"C:\GitHub\AdantiaTools\02_GPXTool\gpx/6/SONY_RCG/Adantia Track Logger_1479905235217.gpx"
"0516";"13W-01";"PRIO";"2018-03-12 13:32:30.000";"2018-03-12 13:40:54.000";504;434,266791695729;"mal";"C:\GitHub\AdantiaTools\02_GPXTool\gpx/8/20180312_14_mal.gpx"
"0519";"13W-04";"PRIO";"2018-03-12 13:48:45.000";"2018-03-12 13:58:29.000";584;458,089301694981;"mal";"C:\GitHub\AdantiaTools\02_GPXTool\gpx/8/20180312_14_mal.gpx"
"0520";"13W-05";"PRIO";"2018-03-12 13:59:01.000";"2018-03-12 14:07:10.000";489;473,239559891639;"mal";"C:\GitHub\AdantiaTools\02_GPXTool\gpx/8/20180312_14_mal.gpx"
"0522";"13W-07";"PRIO";"2018-03-12 14:09:37.000";"2018-03-12 14:17:40.000";483;465,853818216604;"mal";"C:\GitHub\AdantiaTools\02_GPXTool\gpx/8/20180312_14_mal.gpx"
"0525";"13W-10";"PRIO";"2018-03-12 12:05:45.000";"2018-03-12 12:12:10.000";385;408,88162178966;"mal";"C:\GitHub\AdantiaTools\02_GPXTool\gpx/8/20180312_14_mal.gpx"
"0526";"13W-11";"PRIO";"2018-03-12 12:48:01.000";"2018-03-12 12:55:39.000";458;477,04929609761;"mal";"C:\GitHub\AdantiaTools\02_GPXTool\gpx/8/20180312_14_mal.gpx"
"0530";"13W-15";"PRIO";"2018-03-12 12:32:34.535";"2018-03-12 12:38:36.000";361,465000152588;443,174684245581;"mal";"C:\GitHub\AdantiaTools\02_GPXTool\gpx/8/20180312_14_mal.gpx"
"0532";"11W-01";"PGAM";"2018-03-13 07:24:33.000";"2018-03-13 07:34:04.000";571;530,334151480998;"mal";"C:\GitHub\AdantiaTools\02_GPXTool\gpx/8/20180312_14_mal.gpx"
"0533";"11W-02";"PGAM";"2018-03-13 07:38:05.000";"2018-03-13 07:48:29.000";624;596,583833335167;"mal";"C:\GitHub\AdantiaTools\02_GPXTool\gpx/8/20180312_14_mal.gpx"
"0535";"11W-04";"PGAM";"2018-03-13 07:53:33.000";"2018-03-13 07:59:54.000";381;446,02190103056;"mal";"C:\GitHub\AdantiaTools\02_GPXTool\gpx/8/20180312_14_mal.gpx"
"0536";"11W-05";"PGAM";"2018-03-13 08:06:58.000";"2018-03-13 08:16:55.000";597;563,087792785809;"mal";"C:\GitHub\AdantiaTools\02_GPXTool\gpx/8/20180312_14_mal.gpx"
"0540";"11W-09";"PGAM";"2018-03-13 08:20:32.000";"2018-03-13 08:28:20.000";468;518,316652292916;"mal";"C:\GitHub\AdantiaTools\02_GPXTool\gpx/8/20180312_14_mal.gpx"
"0541";"11W-10";"PGAM";"2018-03-13 08:32:49.000";"2018-03-13 08:40:17.000";448;493,047599964205;"mal";"C:\GitHub\AdantiaTools\02_GPXTool\gpx/8/20180312_14_mal.gpx"
"0546";"11W-15";"PGAM";"2018-03-13 08:44:52.000";"2018-03-13 08:52:02.000";430;447,01059146913;"mal";"C:\GitHub\AdantiaTools\02_GPXTool\gpx/8/20180312_14_mal.gpx"
"0549";"11W-18";"PGAM";"2018-03-13 09:10:04.000";"2018-03-13 09:16:03.000";359;398,58235377465;"mal";"C:\GitHub\AdantiaTools\02_GPXTool\gpx/8/20180312_14_mal.gpx"
"0551";"11W-20";"PGAM";"2018-03-13 09:19:15.000";"2018-03-13 09:26:56.000";461;465,089041476716;"mal";"C:\GitHub\AdantiaTools\02_GPXTool\gpx/8/20180312_14_mal.gpx"
"0554";"11W-23";"PGAM";"2018-03-13 09:33:38.000";"2018-03-13 09:41:49.000";491;460,559581382692;"mal";"C:\GitHub\AdantiaTools\02_GPXTool\gpx/8/20180312_14_mal.gpx"
"0555";"11W-24";"PGAM";"2018-03-13 09:43:54.000";"2018-03-13 09:54:16.000";622;553,352412690892;"mal";"C:\GitHub\AdantiaTools\02_GPXTool\gpx/8/20180312_14_mal.gpx"
"0556";"11W-25";"PGAM";"2018-03-13 09:55:55.000";"2018-03-13 10:04:10.000";495;442,773784072084;"mal";"C:\GitHub\AdantiaTools\02_GPXTool\gpx/8/20180312_14_mal.gpx"
"0558";"3W-02";"PVIC";"2018-03-14 07:50:55.000";"2018-03-14 07:55:06.000";251;294,060872102612;"mal";"C:\GitHub\AdantiaTools\02_GPXTool\gpx/8/20180312_14_mal.gpx"
"0559";"3W-03";"PVIC";"2018-03-14 07:56:31.000";"2018-03-14 08:00:46.000";255;298,456289125112;"mal";"C:\GitHub\AdantiaTools\02_GPXTool\gpx/8/20180312_14_mal.gpx"
"0560";"3W-04";"PVIC";"2018-03-14 08:02:21.000";"2018-03-14 08:08:15.000";354;392,986371398373;"mal";"C:\GitHub\AdantiaTools\02_GPXTool\gpx/8/20180312_14_mal.gpx"
"0562";"3W-06";"PVIC";"2018-03-14 08:11:42.000";"2018-03-14 08:18:47.000";425;427,149438773154;"mal";"C:\GitHub\AdantiaTools\02_GPXTool\gpx/8/20180312_14_mal.gpx"
"0563";"3W-07";"PVIC";"2018-03-14 08:20:39.000";"2018-03-14 08:26:46.000";367;385,858517902793;"mal";"C:\GitHub\AdantiaTools\02_GPXTool\gpx/8/20180312_14_mal.gpx"
"0564";"3W-08";"PVIC";"2018-03-14 08:29:29.000";"2018-03-14 08:34:43.000";314;352,433831591505;"mal";"C:\GitHub\AdantiaTools\02_GPXTool\gpx/8/20180312_14_mal.gpx"
"0566";"3W-10";"PVIC";"2018-03-14 08:36:58.000";"2018-03-14 08:42:11.000";313;368,825787007231;"mal";"C:\GitHub\AdantiaTools\02_GPXTool\gpx/8/20180312_14_mal.gpx"
"0567";"3W-11";"PVIC";"2018-03-14 08:43:15.000";"2018-03-14 08:48:38.000";323;391,194225452843;"mal";"C:\GitHub\AdantiaTools\02_GPXTool\gpx/8/20180312_14_mal.gpx"
"0568";"3W-12";"PVIC";"2018-03-14 08:50:04.000";"2018-03-14 08:56:20.000";376;441,448997694653;"mal";"C:\GitHub\AdantiaTools\02_GPXTool\gpx/8/20180312_14_mal.gpx"
"0570";"3W-14";"PVIC";"2018-03-14 08:58:00.000";"2018-03-14 09:03:45.000";345;385,886503454634;"mal";"C:\GitHub\AdantiaTools\02_GPXTool\gpx/8/20180312_14_mal.gpx"
"0571";"3W-15";"PVIC";"2018-03-14 09:05:24.000";"2018-03-14 09:10:40.000";316;388,616731071451;"mal";"C:\GitHub\AdantiaTools\02_GPXTool\gpx/8/20180312_14_mal.gpx"
"0572";"3W-16";"PVIC";"2018-03-14 09:12:02.000";"2018-03-14 09:18:09.000";367;397,084734935621;"mal";"C:\GitHub\AdantiaTools\02_GPXTool\gpx/8/20180312_14_mal.gpx"
"0574";"3W-18";"PVIC";"2018-03-14 09:21:19.000";"2018-03-14 09:27:28.000";369;399,369368880588;"mal";"C:\GitHub\AdantiaTools\02_GPXTool\gpx/8/20180312_14_mal.gpx"
"0575";"3W-19";"PVIC";"2018-03-14 09:29:13.000";"2018-03-14 09:35:19.000";366;443,976105046444;"mal";"C:\GitHub\AdantiaTools\02_GPXTool\gpx/8/20180312_14_mal.gpx"
"0576";"3W-20";"PVIC";"2018-03-14 09:36:33.000";"2018-03-14 09:41:37.000";304;365,207479630311;"mal";"C:\GitHub\AdantiaTools\02_GPXTool\gpx/8/20180312_14_mal.gpx"
"0578";"3W-22";"PVIC";"2018-03-14 09:43:13.000";"2018-03-14 09:49:38.000";385;427,675743874386;"mal";"C:\GitHub\AdantiaTools\02_GPXTool\gpx/8/20180312_14_mal.gpx"
"0579";"3W-23";"PVIC";"2018-03-14 09:54:01.000";"2018-03-14 09:55:11.000";70;53,8730241821409;"mal";"C:\GitHub\AdantiaTools\02_GPXTool\gpx/8/20180312_14_mal.gpx"
"0580";"3W-24";"PVIC";"2018-03-14 09:56:33.000";"2018-03-14 09:57:40.000";67;53,9466373264879;"mal";"C:\GitHub\AdantiaTools\02_GPXTool\gpx/8/20180312_14_mal.gpx"
"0582";"3W-26";"PVIC";"2018-03-14 10:00:21.000";"2018-03-14 10:01:31.000";70;50,952955082843;"mal";"C:\GitHub\AdantiaTools\02_GPXTool\gpx/8/20180312_14_mal.gpx"
"0584";"3W-28";"PVIC";"2018-03-14 10:06:22.000";"2018-03-14 10:10:09.000";227;69,4734405184201;"mal";"C:\GitHub\AdantiaTools\02_GPXTool\gpx/8/20180312_14_mal.gpx"
"0598";"12W-01";"PBUI";"2018-03-13 10:12:00.000";"2018-03-13 10:20:32.000";512;498,53123629147;"mal";"C:\GitHub\AdantiaTools\02_GPXTool\gpx/8/20180312_14_mal.gpx"
"0599";"12W-02";"PBUI";"2018-03-13 10:23:01.000";"2018-03-13 10:30:38.000";457;458,36856006583;"mal";"C:\GitHub\AdantiaTools\02_GPXTool\gpx/8/20180312_14_mal.gpx"
"0602";"12W-05";"PBUI";"2018-03-13 10:52:10.000";"2018-03-13 10:58:59.000";409;457,610632721256;"mal";"C:\GitHub\AdantiaTools\02_GPXTool\gpx/8/20180312_14_mal.gpx"
"0603";"12W-06";"PBUI";"2018-03-13 11:01:40.000";"2018-03-13 11:09:27.000";467;493,323562800569;"mal";"C:\GitHub\AdantiaTools\02_GPXTool\gpx/8/20180312_14_mal.gpx"
"0604";"12W-07";"PBUI";"2018-03-13 11:10:31.000";"2018-03-13 11:18:01.000";450;510,571543317952;"mal";"C:\GitHub\AdantiaTools\02_GPXTool\gpx/8/20180312_14_mal.gpx"
"0607";"12W-10";"PBUI";"2018-03-13 11:31:37.852";"2018-03-13 11:38:20.000";402,148000001907;445,614453945717;"mal";"C:\GitHub\AdantiaTools\02_GPXTool\gpx/8/20180312_14_mal.gpx"
"0609";"12W-12";"PBUI";"2018-03-13 11:44:23.000";"2018-03-13 11:49:31.000";308;280,083412703044;"mal";"C:\GitHub\AdantiaTools\02_GPXTool\gpx/8/20180312_14_mal.gpx"
"0610";"12W-13";"PBUI";"2018-03-13 11:51:57.000";"2018-03-13 11:58:37.000";400;439,656074481966;"mal";"C:\GitHub\AdantiaTools\02_GPXTool\gpx/8/20180312_14_mal.gpx"
"0612";"12W-15";"PBUI";"2018-03-13 12:00:34.000";"2018-03-13 12:09:22.000";528;472,82849034871;"mal";"C:\GitHub\AdantiaTools\02_GPXTool\gpx/8/20180312_14_mal.gpx"
"0615";"12W-18";"PBUI";"2018-03-13 12:11:36.000";"2018-03-13 12:18:44.000";428;439,006432696545;"mal";"C:\GitHub\AdantiaTools\02_GPXTool\gpx/8/20180312_14_mal.gpx"
"0616";"12W-19";"PBUI";"2018-03-13 12:20:30.000";"2018-03-13 12:27:16.000";406;458,550229517863;"mal";"C:\GitHub\AdantiaTools\02_GPXTool\gpx/8/20180312_14_mal.gpx"
"0617";"12W-20";"PBUI";"2018-03-13 12:29:01.859";"2018-03-13 12:35:01.000";359,141000032425;482,083844320002;"mal";"C:\GitHub\AdantiaTools\02_GPXTool\gpx/8/20180312_14_mal.gpx"
"0622";"12W-25";"PBUI";"2018-03-13 12:54:51.000";"2018-03-13 12:59:02.000";251;359,058545717946;"mal";"C:\GitHub\AdantiaTools\02_GPXTool\gpx/8/20180312_14_mal.gpx"
"0627";"12W-30";"PBUI";"2018-03-13 13:02:43.000";"2018-03-13 13:08:14.000";331;385,453665248921;"mal";"C:\GitHub\AdantiaTools\02_GPXTool\gpx/8/20180312_14_mal.gpx"
"0628";"12W-31";"PBUI";"2018-03-13 13:10:25.000";"2018-03-13 13:18:24.000";479;487,242748668055;"mal";"C:\GitHub\AdantiaTools\02_GPXTool\gpx/8/20180312_14_mal.gpx"
"0629";"01";"PCAR";"2018-03-12 11:04:55.000";"2018-03-12 11:09:51.000";296;291,247363057034;"mal";"C:\GitHub\AdantiaTools\02_GPXTool\gpx/8/20180312_14_mal.gpx"
"0634";"06";"PCAR";"2018-03-12 10:50:22.000";"2018-03-12 10:57:08.000";406;391,563617691963;"mal";"C:\GitHub\AdantiaTools\02_GPXTool\gpx/8/20180312_14_mal.gpx"
"0639";"11";"PCAR";"2018-03-12 10:35:19.000";"2018-03-12 10:43:26.000";487;441,09152203075;"mal";"C:\GitHub\AdantiaTools\02_GPXTool\gpx/8/20180312_14_mal.gpx"
"0644";"16";"PCAR";"2018-03-12 09:15:50.000";"2018-03-12 09:22:16.000";386;416,185196929198;"mal";"C:\GitHub\AdantiaTools\02_GPXTool\gpx/8/20180312_14_mal.gpx"
"0648";"20";"PCAR";"2018-03-12 09:28:03.000";"2018-03-12 09:35:11.000";428;389,902739898744;"mal";"C:\GitHub\AdantiaTools\02_GPXTool\gpx/8/20180312_14_mal.gpx"
"0649";"21";"PCAR";"2018-03-12 09:36:29.000";"2018-03-12 09:43:49.000";440;455,958084092181;"mal";"C:\GitHub\AdantiaTools\02_GPXTool\gpx/8/20180312_14_mal.gpx"
"0654";"26";"PCAR";"2018-03-12 09:50:50.000";"2018-03-12 09:57:29.000";399;424,547049855902;"mal";"C:\GitHub\AdantiaTools\02_GPXTool\gpx/8/20180312_14_mal.gpx"
"0659";"31";"PCAR";"2018-03-12 10:05:17.000";"2018-03-12 10:12:09.000";412;427,858681916277;"mal";"C:\GitHub\AdantiaTools\02_GPXTool\gpx/8/20180312_14_mal.gpx"
"0664";"36";"PCAR";"2018-03-12 10:17:06.000";"2018-03-12 10:25:12.000";486;484,266292605417;"mal";"C:\GitHub\AdantiaTools\02_GPXTool\gpx/8/20180312_14_mal.gpx"
"0519";"13W-04";"PRIO";"2018-03-12 13:48:34.000";"2018-03-12 13:58:29.000";595;617,074125278929;"svp";"C:\GitHub\AdantiaTools\02_GPXTool\gpx/8/20180312_14_svp.gpx"
"0520";"13W-05";"PRIO";"2018-03-12 13:59:00.000";"2018-03-12 14:06:37.000";457;452,552102549856;"svp";"C:\GitHub\AdantiaTools\02_GPXTool\gpx/8/20180312_14_svp.gpx"
"0522";"13W-07";"PRIO";"2018-03-12 14:10:29.000";"2018-03-12 14:18:32.000";483;525,85397148667;"svp";"C:\GitHub\AdantiaTools\02_GPXTool\gpx/8/20180312_14_svp.gpx"
"0525";"13W-10";"PRIO";"2018-03-12 12:03:50.000";"2018-03-12 12:12:04.000";494;497,558576461729;"svp";"C:\GitHub\AdantiaTools\02_GPXTool\gpx/8/20180312_14_svp.gpx"
"0526";"13W-11";"PRIO";"2018-03-12 12:47:22.000";"2018-03-12 12:55:25.000";483;553,447398505106;"svp";"C:\GitHub\AdantiaTools\02_GPXTool\gpx/8/20180312_14_svp.gpx"
"0530";"13W-15";"PRIO";"2018-03-12 12:39:08.000";"2018-03-12 12:40:08.000";60;71,9370424237626;"svp";"C:\GitHub\AdantiaTools\02_GPXTool\gpx/8/20180312_14_svp.gpx"
"0532";"11W-01";"PGAM";"2018-03-13 07:22:46.000";"2018-03-13 07:32:46.000";600;349,064331975221;"svp";"C:\GitHub\AdantiaTools\02_GPXTool\gpx/8/20180312_14_svp.gpx"
"0533";"11W-02";"PGAM";"2018-03-13 07:43:01.000";"2018-03-13 07:46:10.000";189;113,039366179027;"svp";"C:\GitHub\AdantiaTools\02_GPXTool\gpx/8/20180312_14_svp.gpx"
"0535";"11W-04";"PGAM";"2018-03-13 07:53:21.000";"2018-03-13 08:01:19.000";478;447,770710324673;"svp";"C:\GitHub\AdantiaTools\02_GPXTool\gpx/8/20180312_14_svp.gpx"
"0536";"11W-05";"PGAM";"2018-03-13 08:06:52.000";"2018-03-13 08:15:57.000";545;419,406148520551;"svp";"C:\GitHub\AdantiaTools\02_GPXTool\gpx/8/20180312_14_svp.gpx"
"0540";"11W-09";"PGAM";"2018-03-13 08:26:25.000";"2018-03-13 08:28:06.000";101;92,586066077217;"svp";"C:\GitHub\AdantiaTools\02_GPXTool\gpx/8/20180312_14_svp.gpx"
"0541";"11W-10";"PGAM";"2018-03-13 08:38:23.000";"2018-03-13 08:39:41.000";78;100,130437429813;"svp";"C:\GitHub\AdantiaTools\02_GPXTool\gpx/8/20180312_14_svp.gpx"
"0546";"11W-15";"PGAM";"2018-03-13 08:52:10.000";"2018-03-13 08:53:13.000";63;71,3862581017677;"svp";"C:\GitHub\AdantiaTools\02_GPXTool\gpx/8/20180312_14_svp.gpx"
"0551";"11W-20";"PGAM";"2018-03-13 09:25:41.000";"2018-03-13 09:29:12.000";211;138,941882556386;"svp";"C:\GitHub\AdantiaTools\02_GPXTool\gpx/8/20180312_14_svp.gpx"
"0554";"11W-23";"PGAM";"2018-03-13 09:32:34.000";"2018-03-13 09:42:03.000";569;363,38251898233;"svp";"C:\GitHub\AdantiaTools\02_GPXTool\gpx/8/20180312_14_svp.gpx"
"0555";"11W-24";"PGAM";"2018-03-13 09:44:04.000";"2018-03-13 09:52:36.000";512;444,00020184668;"svp";"C:\GitHub\AdantiaTools\02_GPXTool\gpx/8/20180312_14_svp.gpx"
"0556";"11W-25";"PGAM";"2018-03-13 09:56:07.000";"2018-03-13 10:04:58.000";531;434,996399756247;"svp";"C:\GitHub\AdantiaTools\02_GPXTool\gpx/8/20180312_14_svp.gpx"
"0558";"3W-02";"PVIC";"2018-03-14 07:48:29.000";"2018-03-14 07:54:54.000";385;338,351859936853;"svp";"C:\GitHub\AdantiaTools\02_GPXTool\gpx/8/20180312_14_svp.gpx"
"0559";"3W-03";"PVIC";"2018-03-14 07:59:54.000";"2018-03-14 08:05:43.000";349;293,762281886953;"svp";"C:\GitHub\AdantiaTools\02_GPXTool\gpx/8/20180312_14_svp.gpx"
"0560";"3W-04";"PVIC";"2018-03-14 08:06:39.000";"2018-03-14 08:08:29.000";110;78,8595577873584;"svp";"C:\GitHub\AdantiaTools\02_GPXTool\gpx/8/20180312_14_svp.gpx"
"0562";"3W-06";"PVIC";"2018-03-14 08:10:27.000";"2018-03-14 08:19:02.000";515;456,253040504456;"svp";"C:\GitHub\AdantiaTools\02_GPXTool\gpx/8/20180312_14_svp.gpx"
"0563";"3W-07";"PVIC";"2018-03-14 08:20:21.000";"2018-03-14 08:26:58.000";397;356,840369254511;"svp";"C:\GitHub\AdantiaTools\02_GPXTool\gpx/8/20180312_14_svp.gpx"
"0564";"3W-08";"PVIC";"2018-03-14 08:28:39.000";"2018-03-14 08:35:07.000";388;406,416890212189;"svp";"C:\GitHub\AdantiaTools\02_GPXTool\gpx/8/20180312_14_svp.gpx"
"0566";"3W-10";"PVIC";"2018-03-14 08:36:07.000";"2018-03-14 08:41:47.000";340;338,010417549819;"svp";"C:\GitHub\AdantiaTools\02_GPXTool\gpx/8/20180312_14_svp.gpx"
"0567";"3W-11";"PVIC";"2018-03-14 08:43:36.000";"2018-03-14 08:53:33.000";597;601,754505093278;"svp";"C:\GitHub\AdantiaTools\02_GPXTool\gpx/8/20180312_14_svp.gpx"
"0568";"3W-12";"PVIC";"2018-03-14 08:54:31.000";"2018-03-14 08:56:10.000";99;87,1541953462456;"svp";"C:\GitHub\AdantiaTools\02_GPXTool\gpx/8/20180312_14_svp.gpx"
"0570";"3W-14";"PVIC";"2018-03-14 08:57:30.000";"2018-03-14 09:08:34.000";664;726,299073989846;"svp";"C:\GitHub\AdantiaTools\02_GPXTool\gpx/8/20180312_14_svp.gpx"
"0571";"3W-15";"PVIC";"2018-03-14 09:05:09.000";"2018-03-14 09:17:13.000";724;721,107125172438;"svp";"C:\GitHub\AdantiaTools\02_GPXTool\gpx/8/20180312_14_svp.gpx"
"0572";"3W-16";"PVIC";"2018-03-14 09:18:04.000";"2018-03-14 09:19:19.000";75;84,6108216024279;"svp";"C:\GitHub\AdantiaTools\02_GPXTool\gpx/8/20180312_14_svp.gpx"
"0574";"3W-18";"PVIC";"2018-03-14 09:20:36.000";"2018-03-14 09:26:17.000";341;351,480208557641;"svp";"C:\GitHub\AdantiaTools\02_GPXTool\gpx/8/20180312_14_svp.gpx"
"0575";"3W-19";"PVIC";"2018-03-14 09:28:31.000";"2018-03-14 09:34:15.000";344;349,345383908163;"svp";"C:\GitHub\AdantiaTools\02_GPXTool\gpx/8/20180312_14_svp.gpx"
"0576";"3W-20";"PVIC";"2018-03-14 09:35:59.000";"2018-03-14 09:41:55.000";356;382,599274852853;"svp";"C:\GitHub\AdantiaTools\02_GPXTool\gpx/8/20180312_14_svp.gpx"
"0578";"3W-22";"PVIC";"2018-03-14 09:42:56.000";"2018-03-14 09:52:16.000";560;661,882818579312;"svp";"C:\GitHub\AdantiaTools\02_GPXTool\gpx/8/20180312_14_svp.gpx"
"0579";"3W-23";"PVIC";"2018-03-14 09:50:38.000";"2018-03-14 09:55:17.000";279;448,171285029287;"svp";"C:\GitHub\AdantiaTools\02_GPXTool\gpx/8/20180312_14_svp.gpx"
"0580";"3W-24";"PVIC";"2018-03-14 09:56:30.000";"2018-03-14 09:57:44.000";74;75,2658393709217;"svp";"C:\GitHub\AdantiaTools\02_GPXTool\gpx/8/20180312_14_svp.gpx"
"0582";"3W-26";"PVIC";"2018-03-14 10:00:23.000";"2018-03-14 10:01:26.000";63;53,6406757743578;"svp";"C:\GitHub\AdantiaTools\02_GPXTool\gpx/8/20180312_14_svp.gpx"
"0583";"3W-27";"PVIC";"2018-03-14 10:03:43.000";"2018-03-14 10:04:54.000";71;67,7841495719534;"svp";"C:\GitHub\AdantiaTools\02_GPXTool\gpx/8/20180312_14_svp.gpx"
"0584";"3W-28";"PVIC";"2018-03-14 10:06:27.000";"2018-03-14 10:10:10.000";223;142,106197511306;"svp";"C:\GitHub\AdantiaTools\02_GPXTool\gpx/8/20180312_14_svp.gpx"
"0598";"12W-01";"PBUI";"2018-03-13 10:12:01.000";"2018-03-13 10:21:15.000";554;495,192860898218;"svp";"C:\GitHub\AdantiaTools\02_GPXTool\gpx/8/20180312_14_svp.gpx"
"0599";"12W-02";"PBUI";"2018-03-13 10:23:20.000";"2018-03-13 10:31:13.000";473;424,537605786973;"svp";"C:\GitHub\AdantiaTools\02_GPXTool\gpx/8/20180312_14_svp.gpx"
"0602";"12W-05";"PBUI";"2018-03-13 10:51:52.000";"2018-03-13 10:58:46.000";414;402,981009942398;"svp";"C:\GitHub\AdantiaTools\02_GPXTool\gpx/8/20180312_14_svp.gpx"
"0603";"12W-06";"PBUI";"2018-03-13 11:00:43.000";"2018-03-13 11:09:12.000";509;571,847391718554;"svp";"C:\GitHub\AdantiaTools\02_GPXTool\gpx/8/20180312_14_svp.gpx"
"0604";"12W-07";"PBUI";"2018-03-13 11:18:03.000";"2018-03-13 11:18:49.000";46;61,6312406937641;"svp";"C:\GitHub\AdantiaTools\02_GPXTool\gpx/8/20180312_14_svp.gpx"
"0607";"12W-10";"PBUI";"2018-03-13 11:31:48.000";"2018-03-13 11:39:47.000";479;431,388652712846;"svp";"C:\GitHub\AdantiaTools\02_GPXTool\gpx/8/20180312_14_svp.gpx"
"0609";"12W-12";"PBUI";"2018-03-13 11:42:32.000";"2018-03-13 11:49:13.000";401;241,679021004569;"svp";"C:\GitHub\AdantiaTools\02_GPXTool\gpx/8/20180312_14_svp.gpx"
"0615";"12W-18";"PBUI";"2018-03-13 12:18:02.000";"2018-03-13 12:19:12.000";70;83,3647944718359;"svp";"C:\GitHub\AdantiaTools\02_GPXTool\gpx/8/20180312_14_svp.gpx"
"0616";"12W-19";"PBUI";"2018-03-13 12:20:26.000";"2018-03-13 12:26:25.000";359;442,860110344894;"svp";"C:\GitHub\AdantiaTools\02_GPXTool\gpx/8/20180312_14_svp.gpx"
"0617";"12W-20";"PBUI";"2018-03-13 12:28:59.000";"2018-03-13 12:35:54.000";415;430,223531001213;"svp";"C:\GitHub\AdantiaTools\02_GPXTool\gpx/8/20180312_14_svp.gpx"
"0621";"12W-24";"PBUI";"2018-03-13 12:38:56.000";"2018-03-13 12:48:08.000";552;328,598605076608;"svp";"C:\GitHub\AdantiaTools\02_GPXTool\gpx/8/20180312_14_svp.gpx"
"0627";"12W-30";"PBUI";"2018-03-13 13:03:09.000";"2018-03-13 13:08:19.000";310;143,766130559333;"svp";"C:\GitHub\AdantiaTools\02_GPXTool\gpx/8/20180312_14_svp.gpx"
"0628";"12W-31";"PBUI";"2018-03-13 13:10:28.000";"2018-03-13 13:18:03.000";455;293,230751479508;"svp";"C:\GitHub\AdantiaTools\02_GPXTool\gpx/8/20180312_14_svp.gpx"
"0629";"01";"PCAR";"2018-03-12 11:01:13.000";"2018-03-12 11:09:35.000";502;242,766717295409;"svp";"C:\GitHub\AdantiaTools\02_GPXTool\gpx/8/20180312_14_svp.gpx"
"0634";"06";"PCAR";"2018-03-12 10:50:07.000";"2018-03-12 10:57:54.000";467;400,47430159174;"svp";"C:\GitHub\AdantiaTools\02_GPXTool\gpx/8/20180312_14_svp.gpx"
"0639";"11";"PCAR";"2018-03-12 10:35:18.000";"2018-03-12 10:44:24.000";546;502,220406283927;"svp";"C:\GitHub\AdantiaTools\02_GPXTool\gpx/8/20180312_14_svp.gpx"
"0644";"16";"PCAR";"2018-03-12 09:15:40.000";"2018-03-12 09:23:48.000";488;498,929480957509;"svp";"C:\GitHub\AdantiaTools\02_GPXTool\gpx/8/20180312_14_svp.gpx"
"0648";"20";"PCAR";"2018-03-12 09:28:49.000";"2018-03-12 09:35:46.000";417;300,76900894738;"svp";"C:\GitHub\AdantiaTools\02_GPXTool\gpx/8/20180312_14_svp.gpx"
"0649";"21";"PCAR";"2018-03-12 09:35:59.000";"2018-03-12 09:44:05.000";486;394,065529964193;"svp";"C:\GitHub\AdantiaTools\02_GPXTool\gpx/8/20180312_14_svp.gpx"
"0654";"26";"PCAR";"2018-03-12 09:49:40.000";"2018-03-12 09:58:59.000";559;433,454006407807;"svp";"C:\GitHub\AdantiaTools\02_GPXTool\gpx/8/20180312_14_svp.gpx"
"0659";"31";"PCAR";"2018-03-12 10:01:49.000";"2018-03-12 10:13:12.000";683;445,064848470973;"svp";"C:\GitHub\AdantiaTools\02_GPXTool\gpx/8/20180312_14_svp.gpx"
"0664";"36";"PCAR";"2018-03-12 10:24:27.000";"2018-03-12 10:26:18.000";111;96,2034399602626;"svp";"C:\GitHub\AdantiaTools\02_GPXTool\gpx/8/20180312_14_svp.gpx"
